video_id,duration,theoretical_duration
-4wsuPCjDBc_5_15,10.027743,10
-7KMZQEsJW4_205_208,3.066667,3
-8y1Q0rA3n8_108_115,7.007,7
-8y1Q0rA3n8_95_102,7.007,7
-9CUm-2cui8_39_44,5.013928,5
-AwoiGR6c8M_10_14,4.011142,4
-bjOB4zS0uE_100_105,5.013928,5
-Cv5LsqKUXc_17_25,8.011127,8
-Cv5LsqKUXc_71_76,5.006954,5
-DKuLXYoY3g_14_20,6.008345,6
-dm-ds5rRaM_44_52,8.008,8
-DRy7rBg0IQ_31_37,6.033333,6
-FugkxLmGO4_5_16,11.04,11
-joBOHlg5J0_72_80,8.008,8
-mAoVOhKy0c_4_9,5.013928,5
-Ms9tsWmhyU_80_95,15.015,15
-pUwIypksfE_13_23,10.01,10
-rkErLY0rRc_26_35,9.009,9
-rkErLY0rRc_63_67,4.004,4
-rvjK0lE3z4_33_43,10.01,10
-s4-6QTT7HE_235_241,6.006,6
-t-ZWaJeH-o_0_15,15.041667,15
-uT_1VDvXok_8_15,7.033333,7
-vg3vR86fu0_1_6,5.033333,5
-vKO3uSG6Do_3_14,11.011,11
-wa0umYJVGg_100_115,15.008357,15
-wa0umYJVGg_117_123,6.016713,6
-wa0umYJVGg_139_157,18.016713,18
-wa0umYJVGg_168_176,8.022284,8
-wa0umYJVGg_23_41,18.016713,18
-wa0umYJVGg_271_276,5.013928,5
-wa0umYJVGg_286_290,4.011142,4
-YI0cxuNcq8_262_272,10.01,10
-zOrV-5vh1A_69_76,7.04,7
-_aaMGK6GGw_57_61,4.004,4
-_hbPLsZvvo_172_179,7.009736,7
-_hbPLsZvvo_18_25,7.009736,7
-_hbPLsZvvo_19_25,6.008345,6
-_hbPLsZvvo_19_26,7.009736,7
-_hbPLsZvvo_211_219,8.011127,8
-_hbPLsZvvo_269_275,6.008345,6
-_hbPLsZvvo_288_305,17.006954,17
-_hbPLsZvvo_323_328,5.006954,5
-_hbPLsZvvo_43_55,12.01669,12
-_hbPLsZvvo_49_55,6.008345,6
-_hbPLsZvvo_5_8,3.004172,3
00jrXRMlZOY_0_10,10.035714,10
02Z-kuB3IaM_2_13,9.84,11
04Gt01vatkk_248_265,17.033333,17
04Gt01vatkk_308_321,13.033333,13
05gNigkqfNU_11_23,12.012,12
05gNigkqfNU_24_32,8.008,8
05gNigkqfNU_25_34,9.009,9
05gNigkqfNU_78_84,6.006,6
05Gtb7_9tLU_0_9,9.066667,9
06CbMa0kDr8_3_13,10.033333,10
08pVpBq706k_175_212,37.002985,37
0bSz70pYAP0_5_15,10.027743,10
0GXq1An3yHI_22_35,13.015184,13
0hyZ__3YhZc_279_283,4.004,4
0hyZ__3YhZc_289_295,6.006,6
0hyZ__3YhZc_302_307,5.005,5
0hyZ__3YhZc_341_348,7.007,7
0hyZ__3YhZc_352_356,4.004,4
0hyZ__3YhZc_364_370,6.006,6
0hyZ__3YhZc_380_384,4.004,4
0hyZ__3YhZc_388_394,6.006,6
0hyZ__3YhZc_410_417,7.007,7
0hyZ__3YhZc_418_424,6.006,6
0hyZ__3YhZc_485_490,5.005,5
0hyZ__3YhZc_562_568,6.006,6
0hyZ__3YhZc_575_580,5.005,5
0hyZ__3YhZc_598_603,5.005,5
0hyZ__3YhZc_632_637,5.005,5
0I4VKj4d0WI_24_40,16.016,16
0IDJG0q9j_k_1_24,23.018074,23
0k1Ak8aTMVI_4_12,8.066667,8
0lh_UWF9ZP4_103_110,7.019499,7
0lh_UWF9ZP4_138_145,7.019499,7
0lh_UWF9ZP4_148_155,7.019499,7
0lh_UWF9ZP4_157_160,3.008357,3
0lh_UWF9ZP4_165_170,5.013928,5
0lh_UWF9ZP4_174_178,4.011142,4
0lh_UWF9ZP4_178_182,4.011142,4
0lh_UWF9ZP4_183_190,7.019499,7
0lh_UWF9ZP4_191_197,6.016713,6
0lh_UWF9ZP4_199_207,8.022284,8
0lh_UWF9ZP4_215_226,11.030641,11
0lh_UWF9ZP4_21_26,5.013928,5
0lh_UWF9ZP4_27_31,4.011142,4
0lh_UWF9ZP4_38_46,8.022284,8
0lh_UWF9ZP4_50_60,10.027855,10
0lh_UWF9ZP4_62_69,7.019499,7
0lh_UWF9ZP4_71_77,6.016713,6
0lh_UWF9ZP4_79_82,3.008357,3
0lh_UWF9ZP4_82_87,5.013928,5
0lh_UWF9ZP4_94_103,9.02507,9
0M-PyX2DbZc_25_31,6.006,6
0NPtAv3_uVI_46_54,8.022284,8
0ONJfp95yoE_1_10,9.033333,9
0piwbTivpDg_10_40,30.033333,30
0RWJEOScToE_414_421,7.007,7
0SMOK2ql7Pg_5_12,7.007,7
0sUL0KCIc48_15_25,10.033333,10
0vmoZEaN_-o_4_12,8.066667,8
0vmoZEaN_-o_5_21,16.066667,16
0wutCy2ZGOQ_4_10,6.006,6
0xx13BuvVmo_25_36,11.030641,11
11xs9mFKObs_0_8,8.008,8
16iNk1hLJt4_37_40,3.003,3
1dA1RQgPN3c_72_82,10.01,10
1dfR0A_BXjw_401_408,7.007,7
1dfR0A_BXjw_441_448,7.007,7
1dfR0A_BXjw_524_532,8.008,8
1dfR0A_BXjw_545_560,15.015,15
1dfR0A_BXjw_590_600,10.01,10
1Dty_eGY9Ec_123_133,10.027855,10
1dYpcVv6n3Y_0_18,18.04,18
1hPxGmTGarM_9_19,10.04,10
1kYWws89W3Y_0_5,5.04,5
1mIyMRPV8kg_9_17,8.066667,8
1N_Ic2pBM1o_2_23,21.021,21
1pw5ZdRhiig_50_59,9.009,9
1qU-kF-km1Q_6_16,10.01,10
1qV4wfjTYIo_151_164,11.2112,13
1QVn0FffExM_14_24,10.01,10
1qxMJLkHDLw_0_9,9.04,9
1RchFBCT9JU_43_53,10.01,10
1rECrfrdNTo_200_207,7.033333,7
1sffYOXq4Iw_23_49,26.026,26
1Sp2__RCT0c_11_15,4.004,4
1TjqADyYyxI_36_45,9.066667,9
1_6V30igzIk_5_15,10.01,10
21uB8g-jDZI_70_79,9.009,9
229NvV0SRHw_0_5,5.033333,5
25NmudB2fqg_0_7,7.04,7
27hs9W89FuI_0_10,10.04,10
27mxaePkYB4_8_14,6.006,6
2F9jX7u5nOg_114_130,16.011142,16
2F9jX7u5nOg_83_97,14.005571,14
2FLsMPsywRc_45_63,18.033333,18
2G9fkvBzzQE_10_20,10.01,10
2HpZvL-_fiY_40_44,4.004,4
2I20ZTFHheg_96_104,8.008,8
2jkExrrm_sQ_19_25,6.04,6
2jXxtQRy47A_30_38,8.011127,8
2KrdBUFeFtY_22_27,5.066667,5
2L4oELbX8Ms_1_12,9.042367,11
2LgrGHWSy6k_122_135,13.04,13
2MCpA01Sn_c_75_82,7.019499,7
2mUMTFnQWaw_1_9,8.022284,8
2Nn2CAeaI5k_72_77,5.005,5
2R_OAYQIkXM_14_22,8.008,8
2xpIT0L4GqE_1_10,9.033333,9
2YhDTpzxd3c_102_105,3.003,3
2YhDTpzxd3c_115_120,5.005,5
2YhDTpzxd3c_149_154,5.005,5
2YhDTpzxd3c_166_170,4.004,4
2YhDTpzxd3c_174_180,6.006,6
2YhDTpzxd3c_223_232,9.009,9
2YhDTpzxd3c_22_27,5.005,5
2YhDTpzxd3c_240_245,5.005,5
2YhDTpzxd3c_45_49,4.004,4
2YhDTpzxd3c_98_101,3.003,3
30GeJHYoerk_121_126,5.04,5
30GeJHYoerk_63_75,12.04,12
30GeJHYoerk_80_85,5.04,5
30PpKtVT8Z4_35_50,15.041667,15
32_A0-er4Ws_16_20,4.004672,4
39Ce7I6nXIw_96_104,8.008,8
3chNlP5TeO8_0_10,9.961003,10
3doK4FQM5-k_46_57,11.066667,11
3eqFFRSXwGE_84_96,12.066667,12
3FnUTQMJVXI_31_36,5.005,5
3ftaoFnhTyY_140_150,10.04,10
3I9tSDU-OSk_17_22,5.05,5
3lBHYoI5V8s_30_45,15.015,15
3mbBbFH9fAg_21_29,8.04,8
3n_Kqak2JdA_48_71,23.033333,23
3opDcpPxllE_50_66,16.04,16
3OPQqH3YlHA_50_54,4.004,4
3qqEKTPxLNs_1_15,14.033333,14
3SKyc0aKx70_46_52,6.04,6
3ytUOoa1SBE_12_23,11.011,11
3zgEl-OLFKE_12_15,3.003,3
3zrVqwV29V8_69_76,7.039719,7
3_51FhosiVY_93_101,8.04,8
4-1gpwkD7Hc_7_15,8.008,8
45AGQSbodbU_5_15,10.033333,10
47D9-U8hn5I_11_16,5.033333,5
4cgzdXlJksU_83_90,7.000467,7
4D1o4FC8YbA_207_216,9.012517,9
4D1o4FC8YbA_29_39,10.013908,10
4eJJF11bIxM_1_9,8.008,8
4ge5_V-xhP0_138_142,4.033333,4
4ge5_V-xhP0_35_42,7.033333,7
4Hhdr1IPOGs_1_10,9.009,9
4Hhdr1IPOGs_90_98,8.008,8
4ikH9ZRcF2Q_89_105,16.033333,16
4JVpbYmqfcI_5_19,4.265162,14
4kQnrKvOTNg_15_24,9.04,9
4lXdVS697DQ_10_25,15.033333,15
4MjTb5A68VA_111_118,7.007,7
4PayIIIOeIs_230_238,8.011127,8
4PcL6-mjRNk_11_18,7.033333,7
4PcL6-mjRNk_47_55,8.033333,8
4QdX5Q3qQsQ_38_44,6.006,6
4QdX5Q3qQsQ_6_14,8.008,8
4QYPZM01xFE_14_26,12.033333,12
4R-tumAGrtU_12_22,10.01,10
4s_0-zIWEog_1_15,14.033333,14
4t5POXt2e68_5_11,6.033333,6
4Tn5S48sCwg_110_118,8.008,8
4UOVKok7j1U_1_8,7.007,7
4VLrxtf7Z_8_0_7,7.04,7
4wT7zM8XgXQ_5_11,6.066667,6
4xVGpDmA4lE_23_33,10.033333,10
4yf2WP6K1gQ_28_32,4.004,4
4yYapi-5QYQ_33_57,24.03352,24
4z3b4mnw5y4_56_60,4.004,4
4zPSShqsq-o_3_16,13.018226,13
4_WZN7uW0NY_140_145,5.005,5
5-8z5U-o4O4_0_3,3.003,3
504gE1DA_4g_1_6,4.066667,5
53dc4z7HLyg_16_23,7.04,7
53dc4z7HLyg_25_29,4.04,4
57C93mpt6Xo_358_368,10.01,10
5AEldiUP408_65_71,6.006,6
5CS4nLI2ZX8_50_59,9.04,9
5CU2JhYM8tY_14_45,31.031,31
5dv8MSWlxoQ_10_40,30.008345,30
5dZ8PXABC30_14_20,6.006,6
5E66Gk3V1Bc_23_30,7.007,7
5EXVeP6R3yc_105_108,3.004172,3
5fDBl1wT2Lk_34_39,5.005,5
5fq9iIxxA1s_12_27,15.04,15
5HAf_INrFy0_3_25,22.066667,22
5JLi7L1Kwp8_23_30,7.033333,7
5JSbxHECb-I_97_110,13.002786,13
5K7Ru5s6YIw_8_11,3.003,3
5L5MoemWC6g_10_13,3.003,3
5l6acVf12S4_7_13,6.006,6
5OuYhq6Zl0g_0_10,10.01,10
5OvgDatToBU_0_8,8.008,8
5P6UU6m3cqk_57_75,18.04,18
5PpPOGU_0aA_65_75,10.027855,10
5QJf-l4lPJw_133_138,5.005,5
5U3xz9Ovmhk_214_222,8.04,8
5U3xz9Ovmhk_258_265,7.04,7
5U3xz9Ovmhk_99_105,6.04,6
5U3xz9Ovmhk_9_15,6.04,6
5W02895vT8c_312_322,10.04,10
5W02895vT8c_460_470,10.04,10
5XxshEdcfAM_85_100,15.008357,15
5XxshEdcfAM_96_107,11.030641,11
5x_OGEdO6Z8_0_21,21.066667,21
5YJaS2Eswg0_22_26,3.766667,4
5zkCnHUnoYY_69_74,5.005,5
60x_yxy7Sfw_1_7,6.006,6
62I8I4sCPPQ_12_30,18.033333,18
64Xn9edeWRA_0_11,11.041667,11
6BrHPMdyVtU_1_10,9.009,9
6eokrw6_bjU_1_9,8.04,8
6FmN22YcVVE_11_18,7.033333,7
6GJ1DNOGDAM_223_233,10.033333,10
6gQu8PWhFoQ_30_35,5.033333,5
6gQu8PWhFoQ_37_41,4.033333,4
6JnGBs88sL0_4_10,6.006,6
6KS8R3RxrV8_0_23,7.619772,23
6Lzq1HN33lE_5_15,10.04,10
6mYnZbIwcNo_10_16,6.006,6
6njscWrdnM0_8_18,10.041667,10
6owu8Mow0_g_275_280,5.005172,5
6owu8Mow0_g_302_307,5.005172,5
6owu8Mow0_g_384_389,5.005172,5
6owu8Mow0_g_527_534,7.007241,7
6owu8Mow0_g_692_697,5.005172,5
6owu8Mow0_g_850_855,5.005172,5
6pcqRuFEMLs_46_52,6.033333,6
6q1dX6thX3E_286_295,9.04,9
6Q3ltyPJJMQ_67_72,5.005,5
6QbhfbLUtQs_13_23,10.01,10
6r5DmFa5ZR8_51_58,7.04,7
6RlYLTU5gvM_18_24,2.984975,6
6sKdTbRkahM_6_12,6.04,6
6sYmDT5et00_301_339,38.04,38
6t0BpjwYKco_105_110,5.013928,5
6t0BpjwYKco_118_127,9.02507,9
6t0BpjwYKco_142_151,9.02507,9
6t0BpjwYKco_15_31,16.011142,16
6t0BpjwYKco_179_183,4.011142,4
6t0BpjwYKco_200_205,5.013928,5
6t0BpjwYKco_217_229,12.033426,12
6t0BpjwYKco_230_240,10.027855,10
6t0BpjwYKco_240_247,7.019499,7
6t0BpjwYKco_254_258,4.011142,4
6t0BpjwYKco_261_284,23.030641,23
6t0BpjwYKco_46_53,7.019499,7
6t0BpjwYKco_53_59,6.016713,6
6t0BpjwYKco_59_69,10.027855,10
6t0BpjwYKco_71_76,5.013928,5
6t0BpjwYKco_80_84,4.011142,4
6vC6AT27RUc_29_46,17.017,17
6vSKIUGGLvY_81_87,6.04,6
6ZhKOK08tgM_225_233,8.008,8
6ZhKOK08tgM_45_49,4.004,4
6ZZkO14S7GY_5_15,10.066667,10
71soiLO6I9U_15_24,9.009,9
73vUksucPz8_12_20,8.04,8
74tRCYS_534_49_57,8.011461,8
778mkceE0UQ_40_46,6.008345,6
77iDIp40m9E_119_123,4.04,4
77iDIp40m9E_126_131,5.04,5
77iDIp40m9E_159_181,22.04,22
77iDIp40m9E_3_9,6.04,6
7bcV-TL9mho_0_7,7.04,7
7d1d2WlEnKs_0_12,12.033333,12
7EOqi_6rnkg_36_44,8.033333,8
7HcYJKMxpcg_20_28,8.009879,8
7M-jsjLB20Y_11_30,18.68,19
7NNg0_n-bS8_21_30,9.009,9
7OGizkf_JEo_191_194,3.003,3
7s0AXJtLL0Y_57_61,4.004,4
7uF-2adCsI0_60_67,7.007,7
7uOiiA4Kxbo_23_35,12.012,12
7xNG7qGY9rw_14_29,15.033333,15
7ZE2OzguWHo_28_38,10.033333,10
7_XASfcYdBk_3_13,10.066667,10
80D0ylOqPJ8_0_5,4.32,5
81fABEiwcIM_31_45,14.04,14
88DOMJ11q2M_34_43,9.009,9
88DOMJ11q2M_84_87,3.003,3
88p7U5CnoYU_1_10,5.273992,9
8BL9qmFRbd4_6_13,7.04,7
8CzlhZtunNc_5_11,6.006,6
8D_oQnBPfNo_43_50,7.007,7
8e0yXMa708Y_24_33,9.04,9
8HB7ywgJuTg_131_142,11.033333,11
8jP8CC2rKj4_80_88,8.04,8
8mSUD7JGNO0_174_181,7.033333,7
8mSUD7JGNO0_198_204,6.033333,6
8MVo7fje_oE_108_113,5.005,5
8MVo7fje_oE_113_118,5.005,5
8MVo7fje_oE_125_130,5.005,5
8MVo7fje_oE_130_136,6.006,6
8MVo7fje_oE_139_144,5.005,5
8MVo7fje_oE_153_158,5.005,5
8MVo7fje_oE_166_171,5.005,5
8MVo7fje_oE_180_185,5.005,5
8MVo7fje_oE_85_90,5.005,5
8NFoN0K3bPg_20_28,8.022284,8
8PQiaurIiDM_143_151,8.008,8
8PQiaurIiDM_173_180,7.007,7
8PQiaurIiDM_247_255,8.008,8
8PQiaurIiDM_94_99,5.005,5
8sARjdhSvpo_167_176,9.012517,9
8VUbN3hkdBo_36_50,14.066667,14
8yoUaH6wGLs_22_30,8.033333,8
8yS2wqwActs_2_14,12.012,12
8yuPGwxwdPs_1_10,9.009,9
8z-XGiU1KN4_9_17,8.04,8
93n_oYVCLpk_9_12,3.04,3
953PkxFNiko_82_85,3.003,3
97JhYpoWxzY_0_4,4.04,4
98Alrg4pFXs_148_153,5.013928,5
98shpdib9sg_55_62,7.007,7
992zi9V3oiQ_15_17,2.005571,2
9BScZRpF7SI_31_36,5.006884,5
9Bxknsvy3jQ_53_58,5.04,5
9d57lHEsLU8_1_14,13.033333,13
9fkS7wqrzAY_13_25,12.033333,12
9gbUM9oHBNI_557_563,6.006,6
9HDUADeA2xg_3_31,28.011142,28
9HTUcMjWB3g_122_128,6.016646,6
9HTUcMjWB3g_134_138,4.011097,4
9HTUcMjWB3g_143_151,8.022195,8
9IrWyZ0KZuk_160_166,6.006,6
9LHg5RUGukI_58_63,5.005,5
9LHg5RUGukI_63_68,5.005,5
9LOJmQQktHA_10_18,8.008,8
9LSuyLyuUiM_3_6,3.003,3
9OvXb1fot74_21_29,8.008,8
9OxQ-2gR1DU_18_38,20.02,20
9Q0JfdP36kI_167_170,3.004172,3
9Q0JfdP36kI_19_27,8.011127,8
9Q0JfdP36kI_23_28,5.006954,5
9Q0JfdP36kI_56_64,8.011127,8
9QI8cgBSGo8_28_41,13.039479,13
9uDPqigcnzw_36_46,10.066667,10
9VG7Elw9TDA_85_91,6.006,6
9W6aQNcU3PA_92_103,11.011,11
9WpJxn-2h1o_122_150,28.028,28
9Wr48VFhZH8_45_50,5.005,5
9wxB1UQi0MM_18_38,20.02,20
9xVqwy_4pmQ_36_49,13.004161,13
9zXqkHvs0po_59_65,6.033333,6
a-cek0mvXxE_15_25,10.013908,10
a0g7wtBkS98_34_42,8.041667,8
a1i6T160REQ_5_18,13.038957,13
a1Y73sPHKxw_0_5,5.04,5
a28s_wyqkyc_68_77,9.04,9
A6XrTsLsUbA_4_15,11.011,11
a8PAY4rvzRM_1_10,9.02507,9
aA05I5QaZnM_66_75,9.033333,9
Aa7yf9XtcJM_45_50,5.005,5
aC-KOYQsIvU_25_31,6.033333,6
ACK7SekJWts_140_150,10.027855,10
aCKNdip53W4_0_25,25.025,25
ACOmKiJDkA4_121_128,7.007,7
ACOmKiJDkA4_130_144,14.014,14
ACOmKiJDkA4_146_153,7.007,7
ACOmKiJDkA4_161_170,9.009,9
ACOmKiJDkA4_175_182,7.007,7
ACOmKiJDkA4_20_26,6.006,6
ACOmKiJDkA4_23_30,7.007,7
ACOmKiJDkA4_47_54,7.007,7
ACOmKiJDkA4_49_54,5.005,5
ACOmKiJDkA4_57_65,8.008,8
ACOmKiJDkA4_67_74,7.007,7
ACOmKiJDkA4_75_81,6.006,6
AdcgmBtE99c_108_114,6.006,6
aDjNl5gs4nM_18_47,29.029,29
AE9UaQwum8c_0_10,10.04,10
aeA-HN7BMdo_16_33,17.017,17
aeA-HN7BMdo_34_41,7.007,7
aeA-HN7BMdo_52_58,6.006,6
AEKPjVHSVZc_0_12,12.066667,12
Afmc6FeN-hM_20_24,4.04,4
AGRFy5hDQiY_31_38,7.033333,7
aGUx0QOKWXw_7_12,5.013928,5
aHiUM8uWxxo_17_25,8.035398,8
AJJ-iQkbRNE_97_109,12.012,12
aJoDt4DMkFU_118_124,6.041667,6
AjZ-R3LFMzo_18_23,5.04,5
AjZ-R3LFMzo_24_38,14.04,14
AjZ-R3LFMzo_5_10,5.04,5
aK8liAv-28s_72_82,10.04,10
AKVBK-0veE8_5_12,7.04,7
akXjIEoecNs_2_12,10.01,10
aM-RcQj0a7I_37_55,18.04,18
aN0WsBcja_E_0_15,15.041667,15
ao-9B8IV9_E_108_119,11.04,11
ao-9B8IV9_E_175_187,12.04,12
ao-9B8IV9_E_217_221,4.04,4
ao-9B8IV9_E_37_44,7.04,7
ao-9B8IV9_E_72_77,5.04,5
ao-9B8IV9_E_77_81,4.04,4
ao-9B8IV9_E_87_95,8.04,8
AoNnzlGhI04_112_128,16.033333,16
ApYvvQK7bBc_6_32,26.026,26
AQhiE_NL6yY_91_101,10.01,10
aQWCKcg0VRU_321_339,18.018,18
Ar70p1_LcfM_2_20,18.008404,18
ArEWo8pERFc_17_21,4.004,4
aRo8x3xXeEA_3_8,3.463087,5
auFXfsCzAvQ_1_15,14.04,14
AX38yo7Wuws_81_91,10.01,10
AXL1oMdCFUM_45_59,14.033333,14
Ayh26v6Nies_17_22,5.033333,5
AysIdzGF-7M_6_14,8.008,8
AzMrltkXGJk_0_10,10.041667,10
A_nCfAbXjoM_8_56,47.4474,48
b-d-CxHaKGU_10_30,20.04,20
B-Lsf7ZKf5c_10_25,15.008357,15
b24_bb57PPk_631_637,6.006,6
b4FM9OLBGyM_37_49,12.033426,12
B4foOe9kUgY_0_8,8.008,8
b4mJ3AQc-ag_30_34,4.005741,4
b71bI0rH1g8_75_90,15.015,15
B7mP4zoDMwM_0_17,16.1161,17
b97TK8XVLHE_40_50,10.01,10
BAf3LXFUaGs_28_38,10.04,10
BApIQn69EVE_10_16,6.006,6
bAYIIlX-WWw_5_15,10.033333,10
bb6V0Grtub4_174_185,11.011,11
bDoCQEwghZU_201_211,10.04,10
BefkDBj5gSw_104_109,5.04,5
BefkDBj5gSw_233_240,7.04,7
BE_uxYK9uz0_150_168,18.019822,18
BE_uxYK9uz0_49_56,7.007708,7
BGG0uYWZBdw_6_12,6.006,6
BgoOihBb78w_38_40,2.033333,2
BIqVvRh_cEY_143_149,6.04,6
bJJndejsUWc_88_98,10.01,10
bK-i_FAcpoY_86_92,6.006,6
bkazguPsusc_74_85,11.011,11
bLqmf8x7rLI_2_8,6.04,6
BLXzfdNmydQ_151_156,5.04,5
bL_Kijz9IN4_0_15,15.015,15
bmOy6p87TWI_26_35,9.04,9
bmvD4HlPFxg_20_27,7.009736,7
bmxIurBrW5s_51_70,19.019,19
BnJUWwSx1kE_11_22,11.030641,11
bnN_o0Hkn3M_73_80,7.007,7
BOLKaQeB6j0_101_111,10.01,10
BOv-2HzNPaA_7_12,5.033333,5
bQJQGoJF7_k_109_115,6.006607,6
bQJQGoJF7_k_120_126,6.006607,6
bQJQGoJF7_k_145_153,8.00881,8
bQJQGoJF7_k_162_169,7.007708,7
bqMmyY1ImkI_0_14,14.066667,14
BR4yQFZK9YM_101_110,9.012517,9
bruzcOyIGeg_4_12,8.066667,8
bSIjZ75a50s_286_304,18.018,18
bSrpvMSuhPM_17_31,14.04,14
BtQEY2SL4g4_11_16,5.04,5
BtQEY2SL4g4_126_132,6.04,6
BtQtRGI0F2Q_15_20,5.033333,5
btuxO-C2IzE_64_72,8.033333,8
btxCxlO1Euc_1_20,19.019,19
buJ5HDCinrM_150_166,16.033333,16
BvHnDAsMtUA_0_13,13.033333,13
BVilbVCo9sU_1_11,10.033333,10
BVjvRpmHg0w_121_130,9.033333,9
BVjvRpmHg0w_157_165,8.033333,8
BVjvRpmHg0w_231_250,19.033333,19
BVjvRpmHg0w_47_51,4.033333,4
BVy9SQI5R68_0_7,7.001795,7
bxDlC7YV5is_0_12,12.033426,12
bxjFqtfJlMs_18_27,9.009,9
bXsKw3TOQXs_30_55,25.025,25
ByGspTdA1ug_16_24,8.008,8
b_BuSVZwq6M_1_9,8.033333,8
C12BRGGcd5E_101_117,16.016,16
C1MNCR1o9lU_0_7,7.007,7
c2a0GcoJAjw_107_129,22.027972,22
c2a0GcoJAjw_52_73,21.020979,21
c2MwqFYVE7A_40_45,5.005,5
C2rDp6FnbP0_10_17,7.019499,7
c51L6ZxZGjQ_137_154,17.033333,17
c53HKs39i28_26_35,9.009,9
c75SIlAjfjg_6_14,8.041667,8
c76tShLfQb0_74_81,7.007,7
C9LHk0AJI7U_196_205,9.009,9
C9vRgZDxTv4_26_33,7.012174,7
CBD9h0jUq3w_1_7,6.04,6
cCmnN96zIeQ_14_24,10.01,10
CcvJs77L-e8_15_22,7.04,7
Ce7equ9zCxk_4_19,15.066667,15
ceOXCFUmxzA_100_110,10.033333,10
cFzSEIGrEfA_0_24,23.933333,24
CGllPWAwmUo_1_15,14.005571,14
CgWYN5e9K10_30_62,32.032,32
CHFXTeQWXjo_206_212,6.04,6
CHVhwcOg6y8_1_12,11.033333,11
Cjf21Y19aUQ_82_86,4.04,4
cJOZp2ZftCw_1_12,11.011,11
CjvMNwpAFWM_56_66,10.01,10
CL49s8bO6Fg_1_11,9.533333,10
clKtfGBVI1I_15_28,13.04,13
cLNrpO6wBk4_37_47,10.041667,10
clpgffj3sUw_1_12,11.066667,11
cM55xNJ_pfU_1_20,19.04,19
cmQ3SiIaWy4_4_20,16.04,16
cnsjm3fNEec_4_10,6.006,6
CquJjlNuotg_147_155,8.008,8
cR2yi-JnGcQ_8_16,8.006672,8
crfrKqFp0Zg_15_25,10.01,10
cs33MNhpRNw_16_21,5.005,5
cSDkshD2ME0_11_14,3.003,3
cSDkshD2ME0_12_15,3.003,3
CTIKmoEigCI_3_30,27.04,27
CulG2SMC7DU_14_25,11.011,11
cUW_bXll6YM_390_395,5.005339,5
cUW_bXll6YM_462_469,7.007475,7
cwkjJrGpoaU_30_41,11.013951,11
cWOPC2kt_IA_8_16,8.008,8
CwPfvoqmV1Q_58_61,3.04,3
Cx1We6GX4IM_0_8,8.033333,8
Cxxx6wJ1jNo_0_10,10.066667,10
c_-eFL7Sfw4_19_35,16.04,16
C_1cnNdMwxY_0_8,8.05,8
C_DDjCRxTxQ_1_4,3.003,3
c_XV7nPoRg8_2_12,10.04,10
d-2C_N5anww_1_3,1.735067,2
D1tTBncIsm8_198_205,7.04,7
D1tTBncIsm8_248_254,6.04,6
D1tTBncIsm8_681_688,7.04,7
D1tTBncIsm8_725_740,15.04,15
D1tTBncIsm8_841_848,7.04,7
D1X6qXkLjYE_41_49,8.04,8
d1zdJO3CqVw_1_35,34.033333,34
D2FbgK_kkE8_121_151,30.008345,30
d4AGWnHJcaY_6_19,13.002786,13
d7eGypGOlOc_13_22,9.04,9
d7Gs0uGFLh0_5_13,8.011127,8
D9I1Z6O_mbw_112_119,7.04,7
D9I1Z6O_mbw_141_146,5.04,5
dabI5gfaFm4_19_25,6.00761,6
DAmOfcvfKZ0_22_32,10.04,10
DB-3-TVjrxU_58_75,17.017,17
DBvSfds3FH4_76_80,4.04,4
DBvSfds3FH4_84_88,4.04,4
dc4UltkRJsw_53_59,6.04,6
DcDYRpa34W8_11_25,14.04,14
DDtX5a-OgLQ_1_15,14.014,14
De815YpTBic_41_48,7.041667,7
dEn5E-TNezw_13_23,10.018018,10
dfOuTx66bJU_11_14,3.033333,3
dfOuTx66bJU_34_39,5.033333,5
Dgf0VHMEtNs_57_66,9.02507,9
DGQL5lx-mwE_2_12,10.01,10
DhwrBs96Kgk_120_124,4.004,4
dhxE9CNeVeY_0_12,11.177833,12
DIebwNHGjm8_133_148,15.008357,15
DIebwNHGjm8_27_38,11.030641,11
DIToA1dDwGQ_32_42,10.01,10
dJ3ba9zwx6c_5_15,10.01,10
dJCtOz32dnw_40_60,20.04,20
dJEoDaA6VXc_1_19,17.12,18
DJWmm_Q9WvY_1_25,24.033333,24
DKgHYLDebx0_0_8,8.008,8
DKZg4kIEa0A_31_36,5.005,5
DLcuZ-HnHZc_0_10,10.01,10
DlOhXqKcLXk_7_14,7.007,7
dMH0bHeiRNg_3_14,11.011,11
dmyz_f8Sx14_56_66,10.04,10
DN7jwyL1Xgg_1_19,18.018,18
dP15zlyra3c_0_10,10.006805,10
dq7agmFWkq0_5_9,4.04,4
dQmaVQZz7EE_1_18,7.804627,17
drsPD5fI1IA_170_180,10.01,10
dtn0PuxgfkM_0_5,5.005,5
dtwXtwJByYk_5_14,9.04,9
DuMkW35BwK8_43_47,4.004,4
DvYN53KBDr0_51_62,11.011,11
dZBIdRGKRhM_13_32,19.05,19
d_BWuttLRFM_42_52,10.04,10
e-j59PqJjSM_163_173,10.033333,10
e-j59PqJjSM_264_277,13.033333,13
e-j59PqJjSM_405_416,11.033333,11
e-j59PqJjSM_50_98,48.033333,48
e-sf-hyrkTs_20_35,15.015,15
E2r6nnkwl0c_6_18,5.949749,12
e3XkmpNcSt4_8_19,11.011,11
e40bBP0_AbE_64_67,3.033333,3
E4k0Aylzdyo_97_104,7.041667,7
e4QGnppJ-ys_6_14,8.04,8
E61HNXjgyqA_22_32,10.01,10
E6sqA9QtV5I_195_201,6.006,6
e996zZ0uV_A_152_163,11.015299,11
e996zZ0uV_A_196_204,8.011127,8
e996zZ0uV_A_68_72,4.005563,4
EA-J-Y6QjUo_40_61,21.012517,21
Ea0thGZKPXA_25_35,10.033333,10
Eamd2wMKixs_48_72,24.04,24
eb-Zp4pJLKk_2_19,17.04,17
EBWPZIjtnTM_1_6,5.005,5
ecm9gf2Pgkc_1_24,23.023,23
ecVwxlXc1PQ_0_12,11.433714,12
edqyq4Q-7uU_103_109,6.04,6
EdrZtaBUXIo_25_29,4.004,4
EiylMb_mWk4_2_20,18.066667,18
eiyuac7hA4A_4_47,43.033333,43
EjAoBKagWQA_132_145,13.013,13
ejgwQqCHN1E_7_12,5.04,5
EKL6elkbFy0_16_30,14.033333,14
eKtsMfmQ_0s_61_68,7.033333,7
elQqQfux7Po_12_22,10.04,10
Els1Cclg_sk_4_15,11.04,11
emblM4a76jg_5_15,10.027855,10
eoP-SCgYM2w_49_60,11.033333,11
EPgQ9QwbsLE_16_23,7.066667,7
EpMuCrbxE8A_107_115,8.033333,8
ePujnD4qJO0_62_77,15.04,15
EPXsiQw9vvo_1_12,9.766667,11
EqOGzNkekMk_5_15,10.033333,10
eroAmLZ85DI_28_35,7.007,7
eTnlw7v8ea0_36_50,14.04,14
ETUJipdnfOM_0_5,5.04,5
EVqc7e8JCco_5_15,10.01,10
eVSQiPbepXg_44_49,5.005005,5
eVSQiPbepXg_83_93,10.01001,10
EwTZ2xpQwpA_14_21,7.007,7
EXyp0Q7L1zE_30_38,8.008,8
eyhzdC936uk_15_27,12.066667,12
eyMYc-37Sk4_0_10,10.033333,10
eZLxohGP4IE_147_158,11.011,11
eZLxohGP4IE_15_25,10.01,10
eZLxohGP4IE_190_201,11.011,11
f-24IxG9ijw_25_40,15.04,15
F1BwUJ4--Qw_21_38,17.013928,17
F2Ny7rq9RKs_139_148,9.033333,9
F3pmw2ga244_59_65,6.016646,6
F44bLc6t7-I_1_8,7.033333,7
f9Won2JpOEU_60_80,20.02,20
f9_bP219ehQ_63_70,7.033333,7
FA3OfhJK0mI_195_203,8.008,8
FAD8CbQuvco_35_45,10.01,10
FavUpD_IjVY_22_26,4.04,4
fBA_lxUiwSg_2_4,2.005571,2
FCjpuJaUec0_19_26,7.033333,7
fcvW1vr8hAs_104_108,4.033333,4
fcvW1vr8hAs_96_102,6.033333,6
fd7Ky1lEPT8_40_50,10.027743,10
Fe4tO5vW9_E_64_70,6.04,6
fEsrO_poIUg_161_168,7.007,7
FeTaKOPVaJg_15_25,10.041667,10
FeTaKOPVaJg_60_70,10.041667,10
fF89MasBFLw_321_326,5.005339,5
Ffv7fhL1EDY_177_184,7.007,7
fGc6_D0JEIQ_31_46,15.015,15
FGjtmhI-Rmk_30_37,7.007,7
fgWFxFg7-GU_10_26,16.016,16
FH8vgAp4VDU_10_14,4.04,4
fHfpMUDrQCs_17_31,14.033333,14
FHwC2THZJfA_0_10,10.01,10
fIaLVw_Gc_w_99_109,10.01,10
ficwZQYmRLE_5_20,15.033333,15
fjDvKHkmxs0_119_126,7.007,7
fjDvKHkmxs0_72_87,15.015,15
fJr2evLANsE_0_10,10.04,10
fkONJEgTNJY_25_35,10.002869,10
fKqBnl8D1Qo_5_44,39.005633,39
fMFvOgb4k6E_35_43,8.008,8
fMXfphSi6Yw_7_12,5.005,5
fnpp8v9NbmY_181_188,7.033333,7
FoL7aWvpvNs_199_204,5.066667,5
FOOM-wA2rOY_77_86,9.009,9
fqly5kyO2MI_10_20,10.01,10
fr9H1WLcF1A_141_148,7.007,7
fr9H1WLcF1A_256_261,5.005,5
fr9H1WLcF1A_326_336,10.01,10
FTh5zPk34bQ_16_30,14.04,14
fvBs0xpEZhQ_10_30,20.02,20
FvfjDQj5sOY_1_10,9.04,9
fVWUaH2mCt4_1_7,6.04,6
fw8qvK67jYY_50_97,46.76235,47
FwCmcZpkk-k_22_32,10.033333,10
FWzsXeXCwuc_106_110,4.04,4
FWzsXeXCwuc_111_116,5.04,5
fX5G_JwPlLo_640_660,20.02,20
FxIuFwMhOu8_18_26,8.033333,8
FXWdmIHXS_U_3_10,7.060077,7
fY0lZTWlBAg_470_485,15.033333,15
f_CvW22Eauc_16_23,7.04,7
f_GnkweYzzI_35_41,6.033333,6
G-M78KIy19E_315_330,15.015,15
g1Gldu1KS44_8_14,6.006,6
g2IYQq7IkXc_124_132,8.033333,8
g2IYQq7IkXc_23_32,9.033333,9
g36ho6UrBz0_5_20,15.041667,15
G6w6kO8UPyg_31_41,10.01,10
g8LUhxR-6Wg_0_8,8.008,8
g9aZcaEg7iY_0_9,9.066667,9
gbbRwBZuhzI_26_40,14.041667,14
gbUhorqLCzU_10_23,13.060773,13
gbW9f8xydks_0_10,10.033333,10
GcfWD62sbcs_13_33,20.02,20
gCra4qOrjFw_1_17,14.681333,16
ge7OOILJA6U_20_25,5.005,5
GEXqMH8I3_w_14_18,4.066667,4
GEXqMH8I3_w_63_68,5.066667,5
gGDtPJzh_0s_30_45,15.004172,15
ggic669elLM_200_215,15.015,15
ggWzbEFC-RE_1_11,10.067783,10
Gh4Beb8StFM_29_50,21.021,21
ghynaoVNwZc_1_20,19.004292,19
gHyXstpe_N8_116_125,9.010212,9
gHyXstpe_N8_140_150,10.011346,10
gHyXstpe_N8_95_100,5.005673,5
gHzws6FpuNE_10_12,2.04,2
giLxPCgLLqg_9_19,10.04,10
gIvetX_oXeI_85_90,5.033333,5
gjVBEJGHrXk_26_38,12.04,12
glii-kazad8_21_29,8.008,8
glrijRGnmc0_211_215,4.004,4
GlW6n43pUQA_0_12,12.041667,12
Gm1WnWVXYzQ_0_9,9.009,9
gMqKUPeTAkg_17_30,13.014316,13
GMuijLIJH-U_1_10,9.009,9
Gn4Iv5ARIXc_37_40,3.003,3
Gn4Iv5ARIXc_83_93,10.01,10
gnEE6oWoz7U_124_132,8.071429,8
GnwKcpfr_ng_10_20,10.027855,10
GnwKcpfr_ng_47_57,10.027855,10
Goj131_GxYs_2_7,5.005,5
GopEjCCu2jo_2_9,6.0,7
gp8XjWSoP2k_0_10,10.142857,10
GPT4vUwlrXY_1_10,9.066667,9
GPyFZMJ5Dow_56_70,14.014,14
gqSOvUH_njE_151_155,4.004,4
gqxpGOHUH9k_113_119,6.033333,6
gtixLEvO2Us_0_6,6.041667,6
gtIz1u8g1F0_3_13,10.04,10
GtrTNldo0LI_33_46,13.013,13
gvVsgOK1iJw_32_38,6.006,6
Gw0FU733zzg_58_66,8.04,8
GWQTAe64m-0_160_166,6.006,6
GWQTAe64m-0_91_94,3.003,3
gWRRHV7DLV0_21_31,10.027855,10
gXVaC3gBWbc_22_30,8.008,8
GY5Dl00LrEI_2_13,11.04,11
GyIs9B3A1Z0_0_7,6.8,7
gyOVZz7kXyM_1_10,9.009,9
GzlnqrzdYHU_32_40,8.008,8
G_hxdUG6QXE_23_28,5.005,5
h0JvF9vpqx8_213_223,10.033333,10
h0JvF9vpqx8_36_42,6.033333,6
H1Bok7Dg7g8_21_26,5.005,5
H7vezmDeZaw_2_7,4.65,5
H9Oplnr8WcE_24_34,10.01,10
haJn6k5zVnE_1_23,22.020553,22
HAjwXjwN9-A_16_24,8.008,8
HBCJYhUjVf0_0_9,8.916201,9
hbE29pZh76I_3_8,5.013928,5
hcCLIzzB1jQ_1_7,5.96,6
Hd-NeIhbYGc_28_31,3.003,3
Hd-NeIhbYGc_43_48,5.005,5
HDcIB1e9s5A_28_34,6.04,6
He7Ge7Sogrk_47_70,23.04,23
hEOGZoYSvT4_82_86,4.005563,4
hFERWnoc-nU_0_12,12.04,12
hJFBXHtxKIc_118_123,5.005,5
hJFBXHtxKIc_163_168,5.005,5
hJFBXHtxKIc_204_209,5.005,5
hJFBXHtxKIc_225_230,5.005,5
hJFBXHtxKIc_286_291,5.005,5
hJFBXHtxKIc_298_303,5.005,5
hJFBXHtxKIc_310_315,5.005,5
hJFBXHtxKIc_317_322,5.005,5
HJHPB_Y8GZE_22_28,6.04,6
HJHPB_Y8GZE_259_263,4.04,4
hJuqBDw_TT4_105_112,7.007,7
hJuqBDw_TT4_14_25,11.011,11
hkkmKk9LcQk_36_43,7.033333,7
HkpUWzNNVt4_20_30,10.027743,10
hksxtbcS780_7_14,7.04,7
HkuOqWzXYVg_0_12,12.033333,12
HM-ZDoRWiH4_0_5,5.005,5
hM3jzlyNIpc_0_10,9.8098,10
HmVPxs4ygMc_44_53,9.009,9
HN-ccxID8IM_3_10,7.017301,7
hNECyt6Bo0A_5_10,5.005,5
hNOzHvsEmg4_31_36,5.04,5
hNPZmTlY_3Q_0_8,8.033333,8
hoinj6vyQ2g_8_16,8.033333,8
HO_ovIrLWfQ_1_11,10.04,10
HPFLN5azwtA_56_63,7.033333,7
hPyU5KjpWVc_0_35,34.541667,35
HqbVbPvlDoM_0_11,11.011,11
hReROJQpSow_24_30,6.006,6
hSgGBHbJrmE_0_17,16.883533,17
ht2oIYBSoI0_9_21,12.04,12
htry5uxX0-Y_45_52,7.007,7
htWPOGTagec_2_18,16.005658,16
Hu9Sq1RvuoA_19_62,43.009633,43
HV12kTtdTT4_5_14,9.033333,9
HVR7KpItLfA_62_70,8.04,8
hW8TKz2Aea4_40_50,10.01,10
hW8TKz2Aea4_5_12,7.007,7
hWhKdXcqYeU_3_12,9.033333,9
hXn7D6-AAMA_0_9,8.133333,9
HxRK-WqZ5Gk_30_50,20.02,20
hxZ-5wELSJM_0_12,12.04,12
HYbEf-JKZnA_13_26,13.013,13
HypgcCT1r68_38_46,8.008,8
HZ-BuDDmvVk_0_10,10.033333,10
HZqscSWtHmo_24_34,10.01,10
HzYtvOYOEoU_21_32,11.04,11
i2GgBwlwV0c_24_31,7.007,7
i2sRHf9m5KM_28_42,14.076923,14
i3cHNObcEh8_0_10,10.033333,10
i3fd4nE8OCI_174_181,7.04,7
I9gLTZY1ouc_142_147,5.04,5
iarsmqA3dck_19_25,6.006,6
IAvBB2lv8iw_142_148,6.006,6
IBgsLmDcL78_80_84,4.04,4
ibSwITK4jjQ_14_24,10.01,10
iCiGjZEV7VI_65_75,10.04,10
ID2xXlUENG0_19_24,5.005,5
idRc_KkInds_0_6,6.033333,6
idXJu0BQRvo_2_6,4.066667,4
IEQyCcageGg_99_126,27.066667,27
iEW-EkPQywU_61_83,22.022,22
ifS2nXfCyYo_4_34,30.03,30
IHIa75B9AhI_2_26,24.066667,24
IhwPQL9dFYc_124_129,5.013928,5
IhwPQL9dFYc_130_136,6.016713,6
IhwPQL9dFYc_137_143,6.016713,6
IhwPQL9dFYc_143_147,4.011142,4
IhwPQL9dFYc_153_170,17.013928,17
IhwPQL9dFYc_171_175,4.011142,4
IhwPQL9dFYc_24_30,6.016713,6
IhwPQL9dFYc_50_59,9.02507,9
IhwPQL9dFYc_61_75,14.005571,14
IhwPQL9dFYc_78_88,10.027855,10
IhzXQ-gc9IQ_125_129,4.004,4
IiIiY6o-C9k_49_55,6.006,6
IiIiY6o-C9k_59_64,5.005,5
IiTzJQE67FA_36_46,10.033333,10
IiTzJQE67FA_74_86,12.033333,12
iLr7ZHAq1ro_7_11,4.005563,4
INDhUwDMg-4_220_227,7.04,7
inLBPVG8oEU_18_24,6.006,6
inzk2fTUe1w_1_15,14.066667,14
io2dbV-Qbus_215_247,32.033333,32
IpHJffM3G1c_412_418,6.006407,6
IpHJffM3G1c_439_446,7.007475,7
IpHJffM3G1c_464_470,6.006407,6
iTA0rWPE4nY_17_23,6.006,6
ItFqogTmAvQ_240_246,6.04,6
ItFqogTmAvQ_281_286,5.04,5
ItFqogTmAvQ_361_365,4.04,4
ItFqogTmAvQ_389_395,6.04,6
ItFqogTmAvQ_48_52,4.04,4
ITNh8tWZPOA_5_25,20.033333,20
itxzpFW1z7E_22_36,14.005571,14
iuqVpMdb1NM_35_43,8.008,8
iUYWdCxvJCI_2_14,12.041667,12
IWhrWLOAin0_1_4,3.003,3
iwpnUHFhjWc_84_94,10.04,10
iwpnUHFhjWc_9_14,5.04,5
Ixw6wmoC_xg_116_126,10.013685,10
Ixw6wmoC_xg_60_70,10.013685,10
IY1Fn796MoY_7_10,3.003,3
iyAoiWeD53k_120_127,7.007,7
IytNBm8WA1c_63_67,4.04,4
izU1dDwnuMY_80_92,12.04,12
I_-Nb_0RxpM_1_15,14.066667,14
J---aiyznGQ_0_6,6.006,6
j1Z890_Q3so_131_138,7.009736,7
j2Dhf-xFUxU_13_20,7.066667,7
j2Dhf-xFUxU_20_29,9.066667,9
j2sOMdilDWU_87_97,10.04,10
J3_hkgu6MGc_43_52,9.02507,9
j4dMnAPZu70_11_18,4.33936,7
j4dMnAPZu70_12_17,3.855355,5
J4otiwOjQy8_98_112,14.04,14
j7xz1nos-xc_10_20,10.033333,10
J7zb8YXrmIA_93_99,6.006,6
J8cP93yG1Ao_14_24,10.01,10
JAFGw0WRHHU_108_116,8.033333,8
Jag7oTemldY_12_25,13.04,13
jbzaMtPYtl8_48_58,10.01,10
jcIrD7rNvTM_10_21,11.011,11
jCplbayVbtw_10_20,10.01,10
jCplbayVbtw_28_38,10.01,10
jcRCn7MeSbo_71_82,11.011,11
jD4o_Lmy6bU_117_137,20.02,20
jdAbpLooDgM_10_15,5.013928,5
jDFn-1lXJ98_71_80,9.009,9
Je3V7U5Ctj4_488_495,7.007241,7
Je3V7U5Ctj4_504_511,7.007241,7
Je3V7U5Ctj4_558_563,5.005172,5
Je3V7U5Ctj4_569_576,7.007241,7
Je3V7U5Ctj4_582_587,5.005172,5
Je3V7U5Ctj4_634_639,5.005172,5
Je3V7U5Ctj4_760_765,5.005172,5
Je3V7U5Ctj4_768_773,5.005172,5
Je3V7U5Ctj4_956_961,5.005172,5
Je3V7U5Ctj4_997_1004,7.007241,7
jfrrO5K_vKM_55_65,10.04,10
Jfu-WkuCgD0_140_150,10.033333,10
JhCvLmf9yr0_46_50,4.005006,4
jI58q6rcNLc_8_18,10.066667,10
JIKaIriiK8w_0_15,15.015,15
JIoiUNOXGaI_34_41,7.05,7
JIoiUNOXGaI_8_13,5.05,5
JIoiUNOXGaI_98_104,6.05,6
Jj4uYHr65H8_28_35,7.04,7
jjl2ZMdFCsw_130_142,12.012,12
jjl2ZMdFCsw_17_35,18.018,18
JK1R9k1WDpc_6_15,9.033333,9
JktNQQnLblQ_4_9,5.005,5
jlahRlo4jlU_30_36,6.04,6
JledeVyklPw_1_6,5.005,5
jLgmCY1fEE8_16_26,10.01,10
JM4913Fe-ic_4_15,11.04,11
jMO3jGQeqyk_3_6,3.04,3
jmoT2we_rqo_0_5,5.005,5
JMUAylpXzG0_45_62,17.017,17
JnNe61UZsdM_42_51,9.009,9
JnNe61UZsdM_78_88,10.01,10
JntMAcTlOF0_50_70,20.04,20
jPBxl9gFqNY_110_117,7.007,7
JpjAgSvr42k_0_12,12.012,12
JsD6uEZsIsU_1_47,46.012633,46
JsD6uEZsIsU_45_58,13.013,13
jsEUFYhiqxU_121_128,7.007,7
JsmHZlUgf1w_0_21,21.033333,21
jTaLGh_MKCM_5_20,15.04,15
jTnrm338_KY_34_42,8.008,8
jv-eV6jR3Qw_7_12,5.013928,5
jvxUeT1Nlb8_100_115,15.015,15
jW77z3-SrO4_56_63,7.007,7
jxdubZzQrio_33_46,13.033333,13
JXSkYkiKO0I_112_116,4.004,4
JXSkYkiKO0I_42_46,4.004,4
Jxw16bqzVqE_18_28,10.01,10
JYNzY9jmsQQ_2_10,8.04,8
jZ8X8e7eRVk_24_27,3.003,3
J_evFB7RIKA_104_120,16.019223,16
K-czl524zxk_6_15,9.009,9
K-KVz3eqbnA_1_10,9.033333,9
k-SWy-sU8cE_5_10,5.005,5
k06Ge9ANKM8_5_16,11.066667,11
K1ZM0LSLVw8_481_487,6.033333,6
K1ZM0LSLVw8_488_494,6.033333,6
K2LxyytY3Dw_104_112,8.022195,8
k4hhWYtaQ14_0_10,10.1,10
k5OKBX2e7xA_19_32,13.033333,13
K6xy6C-Hsa0_2_28,11.933148,26
k8l4ETsylVY_9_18,3.024931,9
k9Brw_0gncU_14_33,19.033333,19
kBjUDCyDCuI_20_26,6.006,6
kBMsuhDvg88_45_64,19.019499,19
kEGmZDpZ_RE_248_293,45.04,45
kEGmZDpZ_RE_295_330,35.04,35
kEGmZDpZ_RE_352_370,18.04,18
KeSQ5Rv7eH8_73_79,6.006,6
Kf8oZGHDTt4_4_13,9.009,9
KFt5Zz5Mwlo_12_30,18.04,18
kI6MWZrl8v8_149_161,12.01669,12
KIEWo_xJ5nU_0_7,7.007,7
kIZanu909lw_67_80,13.033333,13
kJY5BRCNAs4_3_6,3.033333,3
kk3TIio1-Uw_5_14,9.02507,9
kKGehSw5ht8_39_45,6.006,6
klFyrnrUSck_13_19,6.006,6
klFyrnrUSck_25_36,11.011,11
klFyrnrUSck_42_46,4.004,4
klFyrnrUSck_63_73,10.01,10
klFyrnrUSck_79_85,6.006,6
klFyrnrUSck_87_100,13.013,13
klteYv1Uv9A_27_33,6.066667,6
Kms3EXosNS0_8_17,9.009,9
kNHivduxQWg_0_14,12.752187,14
KpmVL4ANieA_0_9,9.04,9
KPPCwmU5OHQ_227_238,11.011,11
KPPCwmU5OHQ_258_266,8.008,8
KPPCwmU5OHQ_424_430,6.006,6
KPPCwmU5OHQ_467_472,5.005,5
KPPCwmU5OHQ_480_486,6.006,6
KPPCwmU5OHQ_56_62,6.006,6
Kqb-mmkEWqU_1_5,4.041667,4
KqKUXRHHkCc_101_105,4.004,4
kquB3rIgfGk_197_202,5.005,5
kquB3rIgfGk_525_532,7.007,7
kquB3rIgfGk_537_544,7.007,7
kquB3rIgfGk_640_645,5.005,5
krAk8WPZRL4_207_212,5.04,5
KrBeBabazDU_15_20,5.013872,5
kRNHJSc4AXE_220_228,8.04,8
kSzS_lFtJDk_55_70,15.033333,15
KUc1cWKXjDc_20_30,10.01,10
kuNQpRTc-hA_126_135,9.009,9
kWLNZzuo3do_145_151,6.008345,6
kWLNZzuo3do_147_153,6.008345,6
kWLNZzuo3do_152_164,12.01669,12
kWLNZzuo3do_154_165,11.015299,11
kWLNZzuo3do_167_181,14.002782,14
kWLNZzuo3do_17_23,6.008345,6
kWLNZzuo3do_192_196,4.005563,4
kWLNZzuo3do_206_213,7.009736,7
kWLNZzuo3do_217_222,5.006954,5
kWLNZzuo3do_222_227,5.006954,5
kWLNZzuo3do_228_232,4.005563,4
kWLNZzuo3do_24_31,7.009736,7
kWLNZzuo3do_251_260,9.012517,9
kWLNZzuo3do_25_32,7.009736,7
kWLNZzuo3do_262_270,8.011127,8
kWLNZzuo3do_31_37,6.008345,6
kWLNZzuo3do_38_42,4.005563,4
kWLNZzuo3do_38_47,9.012517,9
kWLNZzuo3do_48_53,5.006954,5
kWLNZzuo3do_56_62,6.008345,6
kWLNZzuo3do_76_80,4.005563,4
kWLNZzuo3do_77_83,6.008345,6
kWLNZzuo3do_86_93,7.009736,7
Kxa0mnDj0bs_113_124,11.011,11
Kxa0mnDj0bs_15_20,5.005,5
kZfBt5me3Pg_2_7,5.04,5
kzyFBlNRohs_82_88,6.033333,6
l57mQZvDaL4_10_30,19.2,20
l5JJ2n2ggiQ_319_327,8.033333,8
L6dEUQ6WiHY_136_142,6.006,6
L6dEUQ6WiHY_171_186,15.015,15
L8h2DazQZJY_0_10,10.027855,10
L9wD3kw-8FE_65_73,8.008,8
labytsb3gfI_146_154,8.034483,8
LacBy2NT3YQ_12_17,5.033333,5
lAznAeFFldg_6_10,4.005563,4
lB1UPJ4leqs_0_6,6.04,6
lB1UPJ4leqs_1_6,5.04,5
lb8J2zCQTlo_3_8,5.005,5
lc9bA-hvqHU_1_6,5.033333,5
lcu-DwrnYY8_2_5,3.04,3
lexLAjh8fPA_27_31,4.033333,4
LEz0puaKNTk_38_48,10.083333,10
LF51fban_x4_300_325,25.002786,25
lFdg5CWMTt0_24_28,4.012618,4
lfGlDg47How_110_115,5.005339,5
lfGlDg47How_361_367,6.006407,6
lfGlDg47How_93_98,5.005339,5
lFyPUgJCmtU_100_110,10.04,10
lGk1MA6YP-M_36_48,12.012,12
Li3umATsU0E_1_5,2.936267,4
ljGcQocjSs4_38_60,22.033333,22
LjimLwAhAOQ_5_15,10.041667,10
lKADopH3qFY_0_10,10.066667,10
lKpGc3SCSVw_12_20,8.008,8
LLkehH86ABY_30_36,6.04,6
lm0z7eLsbbw_9_23,14.033333,14
lmCrIZeob4w_23_26,3.008357,3
lo4KcsBN--A_0_10,10.027855,10
LQ-jv8g1YVI_1_6,5.04,5
LqPIBHAmt4E_22_30,8.05,8
Lr8ds5iY5uk_8_15,7.04,7
lR8RrUBhCQg_5_15,10.01,10
lrZxpneS6Gk_0_12,12.033426,12
lsanQj2yacs_102_108,6.006,6
lsanQj2yacs_80_85,5.005,5
lSnWhsmlGec_5_10,5.005,5
LSuVRWPoHr0_0_37,36.4364,37
Lt1JijkvSKk_0_10,10.01,10
LuQ0KiMMhoI_49_64,15.066667,15
lv8d_qLLqsk_1_20,19.033333,19
lvFYUmDSOvU_34_38,4.004,4
Lw0eGsYxElA_11_14,3.003,3
lw7pTwpx0K0_38_48,10.011346,10
LwicaralvS0_90_104,14.04,14
LwvyrDxM2G0_0_11,10.466667,11
Ly5D0z9gKtc_15_20,3.542899,5
Lyp7MiaCXNE_114_120,6.006,6
LYSPQqUvNO0_43_57,14.014,14
LyYJiKxHZz0_0_10,10.066667,10
m1c04pCYGxA_57_64,7.019499,7
m1NR0uNNs5Y_104_110,6.033333,6
m1NR0uNNs5Y_123_129,6.033333,6
m1NR0uNNs5Y_160_166,6.033333,6
m1NR0uNNs5Y_192_198,6.033333,6
m1NR0uNNs5Y_224_230,6.033333,6
m1NR0uNNs5Y_273_280,7.033333,7
m1NR0uNNs5Y_57_64,7.033333,7
m1NR0uNNs5Y_73_78,5.033333,5
m1NR0uNNs5Y_88_94,6.033333,6
m4D72WXFd8s_557_564,7.04,7
M4It3DrhbE0_13_22,9.009,9
m7x8uIdg2XU_67_73,6.033333,6
mbesJaS6vwg_187_195,8.008,8
mCrRHP4LFmo_24_40,16.033333,16
MdOAr_4FJvc_5_15,10.033333,10
me1D1WZ0yNM_120_124,4.004,4
mF6ijhSrbBQ_32_40,8.008,8
MF88IYF2MHY_25_59,33.3,34
mFCf8lLXrUc_25_35,10.01,10
mFCf8lLXrUc_36_57,21.021,21
mfJjIOfj6D8_3_10,7.007,7
MHIVmf42Ao4_31_36,5.04,5
mHv4iJ9Yr1g_10_16,6.006,6
MHWxjWwAbwM_10_25,15.033333,15
MICawzo1MqI_3_13,10.016807,10
mJ9eRvxjLc4_0_16,15.409471,16
MJNStEgDKXU_3_10,7.007,7
MJoxGpEswOI_9_16,7.007,7
MMnnqzOoMF0_68_72,4.004,4
mmSQTI6gMNQ_120_128,8.008,8
mmSQTI6gMNQ_15_21,6.006,6
MoqC84sXu88_47_59,11.7,12
mOZkcBcWR8o_6_12,6.006,6
MPuKVz3sjBA_1_12,11.010638,11
MqS82kBtUHQ_0_12,12.04,12
MrMG15y3rWU_5_13,8.066667,8
MrQd1zUVRUM_103_110,7.007,7
Ms3QdGIzltU_10_20,10.01,10
Ms3QdGIzltU_1_16,15.015,15
msCidKHOh74_392_399,7.019499,7
msCidKHOh74_410_418,8.022284,8
MSrJTeKNzdI_32_36,4.005073,4
MTjrZthHwJQ_2_11,9.066667,9
MTkGPfMRXtc_5_21,16.016,16
mtrCf667KDk_134_176,42.008633,42
muI1BFsdbdo_33_45,12.04,12
Mutb8BHFvzk_15_20,5.04,5
mv89psg6zh4_33_46,13.04,13
MW21lp833Vo_143_149,6.006,6
MW21lp833Vo_8_16,8.008,8
MwOEK-KXSPc_1_10,9.021049,9
MWvCcwTw7Ac_154_181,27.04,27
MWvCcwTw7Ac_78_86,8.04,8
MWzeInQaUk4_12_20,8.008,8
MY-rGamtAJc_6_22,16.066667,16
mYzajpeAWuA_100_112,12.04,12
mZVPkPqwzR4_38_45,7.007,7
M_TP6UTrh30_343_358,15.0025,15
n016q1w8Q30_2_11,9.009,9
N2Cm0SLr0ZE_18_29,10.744067,11
n2NLoLNecgI_168_178,10.033333,10
N3A7944_UJw_63_70,7.033333,7
N5wsl86P37Q_1_15,12.360601,14
N6SglZopfmk_97_111,14.033333,14
n6U-TGahwvs_100_110,10.04,10
nau1vCzyFQ4_37_54,14.466667,17
NaX51emUDn4_0_20,20.033333,20
nb12bAaKzvA_0_10,10.033333,10
nBFhvrAOFqY_23_29,6.006,6
nBFhvrAOFqY_89_103,14.014,14
nBJV56WUDng_38_47,9.033333,9
NbOlG7THecM_25_34,9.009,9
nc0fVlaTYEs_34_44,10.017391,10
nc8hwLaOyZU_1_19,8.378303,18
nCtZFOYAlvQ_44_49,5.033333,5
nd0ToNwccl4_12_17,5.005,5
Nd45qJn61Dw_0_10,10.01,10
Ne87egvJnWo_0_3,2.96,3
NFxWwI0J3As_78_84,6.04,6
ngHDYzhDBk4_24_29,5.04,5
ngHDYzhDBk4_5_14,9.04,9
nhm_APPwhWk_6_12,6.033333,6
nHZsE7T7hwI_13_23,10.01,10
NjblUomxFQo_100_108,8.033333,8
NjCqtzZ3OtU_303_307,2.235567,4
NjCqtzZ3OtU_62_67,5.005,5
NKtfKR4GNjU_0_20,20.041667,20
nlU3crMsbWI_19_23,4.004,4
nLvX-erABqY_67_72,5.005,5
nLz0QuerH1c_8_15,7.066667,7
nMBSDpB3WB8_5_14,9.009,9
NMlKMfiHSho_1_15,14.033333,14
NNYLo1OeZ-Q_48_54,6.006,6
NoCgvH4xZHo_240_251,11.011,11
NoCgvH4xZHo_56_63,7.007,7
NoCgvH4xZHo_68_74,6.006,6
nohvigNMsbo_199_207,8.008,8
nPj6EcVGoUY_7_15,8.066667,8
nq4hG6qgyPs_184_195,11.011,11
nq4hG6qgyPs_240_251,11.011,11
nq4hG6qgyPs_370_377,7.007,7
nrZyPuRd5pU_85_92,7.04,7
nS6oQxX_Qi8_2_12,10.01,10
nTasT5h0LEg_12_14,2.002,2
nTasT5h0LEg_40_43,3.003,3
nTUONeDqhdk_10_15,5.04,5
nULE40HEWpA_5_11,6.066667,6
NUYu9c9XsgY_7_21,14.066667,14
nV3Wv8iHp4U_0_38,32.611465,38
NV6pq1W-I4g_7_16,9.009,9
NVGGgncVq-4_111_117,6.04,6
NVGGgncVq-4_12_20,8.04,8
nwk4m329bLw_2_10,8.041667,8
nYwbAb0QvBE_195_210,15.008357,15
nZSFn51l3hc_318_326,8.008,8
nZSFn51l3hc_480_485,5.005,5
nZSFn51l3hc_660_666,6.006,6
NZWiKMZS_k8_39_48,9.009,9
n_Z0-giaspE_168_193,25.066667,25
n_Z0-giaspE_270_278,8.066667,8
n_Z0-giaspE_379_387,8.066667,8
n_Z0-giaspE_437_447,10.066667,10
n_Z0-giaspE_62_78,16.066667,16
O06WXS_XZN0_0_6,6.010017,6
O2qiPS2NCeY_2_18,16.011527,16
o2X6UCaNqKA_27_36,9.009,9
o4OsYxsNGMI_77_82,5.04,5
o4pL7FObqds_137_147,10.033333,10
o4pL7FObqds_243_263,20.033333,20
o4pL7FObqds_72_78,6.033333,6
O9cOSO9L8Zs_1_16,14.68,15
O9yLRzpPp44_167_190,23.033333,23
O9yLRzpPp44_36_55,19.033333,19
OaBmAg6gz30_4_18,6.671119,14
ObBss94n3gI_35_46,11.011,11
OBLIjdMIIt8_54_61,7.033333,7
oBt257I-pL0_0_10,10.033333,10
OCcy9TDRGKo_118_127,9.009,9
OCcy9TDRGKo_41_51,10.01,10
oDcd2JbOyzg_38_55,17.04,17
oDcd2JbOyzg_85_98,13.04,13
OE6H_M52Sng_89_97,8.008,8
oeaVXK2GAyc_4_21,17.066667,17
OfgSCMxttCc_86_92,6.006,6
oFUsn1owAbs_158_168,10.01,10
oG6LLGi_n48_51_55,4.033333,4
ogcqFaNbah4_475_487,12.012,12
OIg10Bl7urs_0_10,10.01,10
OIjsSu_I4So_6_10,4.004,4
ok4cM6WTA5E_120_133,13.013,13
ok4cM6WTA5E_142_150,8.008,8
ok4cM6WTA5E_178_184,6.006,6
OKBLPpAPp9c_2_17,15.04,15
Okg8QYhdtvU_48_53,5.066667,5
Okg8QYhdtvU_73_92,19.066667,19
omGWjiwxcTE_18_23,5.04,5
omIPdpxg--4_39_46,7.007,7
onW5hJXnI5s_10_16,6.006,6
onW5hJXnI5s_126_133,7.007,7
onxE6PpEXes_8_25,17.04,17
OO-5-eVEKPA_25_31,6.006,6
OpR1Er5o6IY_209_217,8.04,8
Oq3FV_zdyy0_843_855,12.04,12
oRBgVOiZVsc_16_22,6.006,6
oSnYUfCGiCA_7_17,10.013908,10
otLEUwHao_E_140_151,11.011,11
otvx5OZHTJc_1_22,19.6196,21
OUII8_aOfNM_26_55,29.029,29
OUII8_aOfNM_60_69,9.009,9
OVEe1DMsOq0_43_52,9.033333,9
OvRmRN1-O0Q_21_25,4.004,4
Ow_o78zjo14_42_57,15.015,15
OxL9z2BzBnk_0_19,19.066667,19
o_mWZWcm2r4_10_15,5.005,5
o_mWZWcm2r4_47_54,7.007,7
O_NWtDShLeg_21_25,4.004,4
O_Pst-uryQI_1_14,12.066667,13
P2WM91LENgk_40_50,10.033333,10
p3J3TAdKAYQ_0_10,10.033333,10
P4IjNV3lZkQ_136_144,8.033333,8
p69d3UBdpR8_98_109,11.033333,11
p69Q8lTkZTc_21_29,8.008,8
p6cg2jWI34M_34_42,8.04,8
P6eo3LULuuc_1_11,10.04,10
p6T3XrnYtFk_4_13,9.033333,9
p7IAuvd87hQ_12_19,7.072848,7
p9g06ktIkJg_4_11,7.011236,7
PAm82v0AMFc_5_10,5.005,5
PAN5IVvMlVc_17_23,6.066667,6
PBHZtoygOYg_450_465,15.015,15
pcjuCotJYj8_50_62,12.04,12
PCXHuseKwDc_17_20,3.003,3
PCXHuseKwDc_68_76,8.008,8
PD6eQY7yCfw_32_37,5.00584,5
pdrBPJYfTC8_33_39,6.006,6
pDvzOLRLjPc_0_8,8.04,8
PECk9A-07Pw_1_9,8.033333,8
PeUHy0A1GF0_105_112,7.019499,7
PeUHy0A1GF0_114_121,7.019499,7
PeUHy0A1GF0_122_127,5.013928,5
PeUHy0A1GF0_28_32,4.011142,4
PeUHy0A1GF0_51_55,4.011142,4
PeUHy0A1GF0_62_66,4.011142,4
PeUHy0A1GF0_68_73,5.013928,5
PeUHy0A1GF0_74_77,3.008357,3
PeUHy0A1GF0_78_85,7.019499,7
PeUHy0A1GF0_99_103,4.011142,4
pfQPRXcihkI_127_138,11.033333,11
pfQPRXcihkI_135_144,9.033333,9
pfQPRXcihkI_160_184,24.033333,24
pFSoWsocv0g_8_17,9.009,9
pGCRurvXQGM_45_56,11.011,11
Pgm-mOQu2MM_48_62,14.038315,14
pGsU4FekJQM_10_18,7.340667,8
PHDmVhShE80_20_29,9.009,9
PHDmVhShE80_36_46,10.01,10
PHDmVhShE80_78_82,4.004,4
PHDmVhShE80_82_86,4.004,4
PiyoeFC31kE_9_27,18.008345,18
PJnJMp2ZpbA_3_15,12.012,12
pmEKZ6yVewc_0_10,10.01,10
PmrTDZy3f2M_35_39,4.004,4
pNelR-nHz7g_68_90,22.04,22
PNMsPz1701c_3_20,17.033333,17
po2tcrG6KzM_2_8,6.016713,6
POv7JaE3vJ8_40_50,10.04,10
pptYu3YQnxY_160_170,10.013245,10
PQbkdRbir0M_45_53,8.008,8
PqSZ89FqpiY_65_75,10.027743,10
pqTWUzehCUM_42_47,5.005,5
PqvKNqkGI9o_47_52,5.005,5
pQYEZTwSVbQ_12_18,6.04,6
Pr5LQq42l4M_12_17,5.005,5
pRpeEdMmmQ0_1_18,17.041667,17
pRpeEdMmmQ0_65_70,5.041667,5
PslVHtXc7Tg_8_14,6.066667,6
psXeA8sSYdI_25_30,5.05,5
ptHkvYrH9fY_2_10,8.066667,8
PTxHJMM6hHE_0_15,15.033333,15
PugziVUikEg_117_140,23.023,23
Puh1n8DTKw8_2_9,7.033333,7
puineN1UMto_25_29,4.011142,4
pUPKsHTDZTo_70_85,15.004172,15
PuQVs2Ch1LY_5_15,10.04,10
Puv_4NtflqE_26_34,8.008,8
pW9DFPqoIsI_26_50,24.04,24
pzq5fPfsPZg_145_160,15.0024,15
pzq5fPfsPZg_29_33,4.00064,4
pzq5fPfsPZg_51_57,6.00096,6
q-a6NEotUX8_5_10,5.033333,5
q-JHcsqJXWY_0_8,8.033333,8
Q-soOsOLIGQ_0_22,22.04,22
q3I3R_gqy8M_34_37,3.04,3
q3I3R_gqy8M_38_42,4.04,4
q3I3R_gqy8M_73_79,6.04,6
q5ZRMvjzhXQ_15_29,14.066667,14
Q6HuQEIJqcA_9_16,7.05,7
q6vz80UkVtw_0_7,7.007,7
Q7H9mI9dtMY_20_34,14.014,14
q7pOFn8s4zc_263_273,10.033333,10
q7pOFn8s4zc_27_36,9.033333,9
q8t7iSGAKik_11_31,20.033333,20
q8t7iSGAKik_57_74,17.033333,17
q9ew_nITQWY_54_62,8.04,8
QA_JTtM1hKA_5_15,10.033333,10
qBFSt85-xqk_15_20,5.005,5
qDjtN7xxNr4_44_51,7.007,7
qeKX-N1nKiM_0_5,5.005,5
qeKX-N1nKiM_106_115,9.009,9
qeKX-N1nKiM_123_130,7.007,7
qeKX-N1nKiM_133_142,9.009,9
qeKX-N1nKiM_37_43,6.006,6
qeKX-N1nKiM_52_59,7.007,7
qeKX-N1nKiM_68_72,4.004,4
qeKX-N1nKiM_74_77,3.003,3
qew09qQgMAg_22_27,5.005,5
QGgJlHi3tjw_1_15,14.014,14
QGJy1K91gP4_90_100,10.027855,10
qhknaG9ifbs_122_127,5.005,5
QHkvBU8diwU_1_18,17.039922,17
QhRqJp-CgEs_7_14,7.041667,7
qIk_Dz5XE5E_104_109,5.005,5
qIXs7fUoLIg_1_11,10.04,10
Qjbcibrv3L0_26_32,6.008345,6
QjI3Y8ZKSqs_30_38,8.033333,8
QklHhN8pQBE_0_10,10.01,10
qLwgb3F0aPU_298_305,7.007,7
QMJY29QMewQ_42_52,10.027855,10
qNjeEx92rTA_281_299,18.033333,18
qOiN__I1-Zo_2_8,6.012627,6
QOmrchUPnBs_10_20,10.01,10
Qp-k0H93iJE_35_39,4.004,4
qPXynwa_2iM_15_25,10.04,10
QqYWLR47eLI_10_18,8.008,8
qqYysi3qotc_148_195,47.033333,47
qRoxNXm7INc_58_66,8.084211,8
QsC8__3lwO0_50_60,10.027743,10
QsvBYKaCXEc_5_15,10.04,10
QT8iCDc7NGU_18_23,5.005,5
QTAqjSbMkXU_65_75,10.027743,10
Qtu-PXuvCx4_12_17,5.005,5
qvg9eM4Hmzk_1_9,8.066667,8
qvg9eM4Hmzk_4_10,6.066667,6
QVSt5USMkMg_43_50,7.029586,7
qvSxiVV7jhw_0_15,15.04,15
Qwn0Ni9G5ow_64_69,5.013928,5
qypmR4O1Gwk_0_10,3.455696,10
QzcTlEpAigQ_0_14,13.691275,14
qzQzooI4BqU_5_15,10.04,10
QzulzuWr0Zw_20_45,25.066667,25
r0E-0ntoNWo_20_30,10.033333,10
R0e8ojL0vcc_8_14,6.006,6
r0rmrbTb7fU_98_109,11.011,11
R1UrFBF_0iU_35_41,6.006,6
R24RktgUi-s_24_28,4.033333,4
R24RktgUi-s_5_15,10.033333,10
R2DvpPTfl-E_20_25,5.005,5
r2oI9Y-3wAo_21_28,7.005291,7
r2PM0om2El8_18_25,7.041667,7
R3a9r8qFlhQ_0_12,12.04,12
r4qv_BNlQNk_119_124,5.005,5
r4qv_BNlQNk_93_98,5.005,5
R8FDJgVW3Vc_0_4,4.011142,4
Rf0TUCA3XNs_3_16,13.033333,13
ri5AyXzxb4o_201_215,14.033333,14
RieF9wrFd8s_1_8,6.6066,7
RiglOfJon8I_3_18,15.015,15
RJNBxdDQOw4_13_26,12.08,13
RjpbFlOHFps_8_25,17.04,17
rKF0ZW34FRk_41_54,13.04,13
rl1rVk_xIOs_1_16,15.015,15
rlQ2kW-FvMk_66_79,13.013,13
Rm-RnxN4oHA_215_225,10.027855,10
RMznbCn5sQs_0_10,10.05988,10
rnawC5C8gSI_82_90,8.033333,8
rNSAmHPYHjA_60_73,13.013,13
rOic25PnIx8_1_3,1.866667,2
rq2p5ML8-WI_63_69,6.033333,6
rQuNYxNmA6M_0_4,4.004,4
RQYLGNbal2c_5_10,5.005,5
Rq_VfjGH7kg_104_110,6.04,6
RSx5G0_xH48_12_17,5.033333,5
ruNrdmjcNTc_0_5,5.006954,5
ruoHOXo2PRQ_2_20,18.066667,18
rV5VmhY3-Sw_65_76,11.04,11
rVFJzN20jhQ_27_32,5.005,5
RvJH_POzxmc_10_25,15.04,15
rw9h_574HxE_127_133,6.04,6
rw9h_574HxE_13_18,5.04,5
rw9h_574HxE_161_166,5.04,5
rw9h_574HxE_229_236,7.04,7
rw9h_574HxE_251_254,3.04,3
rw9h_574HxE_59_66,7.04,7
rw9h_574HxE_70_74,4.04,4
rwHT2SuNOi8_195_201,6.033333,6
rwHT2SuNOi8_240_255,15.033333,15
RWWvWFeE6_Q_2_26,24.021619,24
RX6NSOuCCAE_13_27,14.04,14
rXZy-PHtnxg_8_42,33.133333,34
ry7AUQtuwdU_4_39,35.001633,35
RZL9irxnhZ0_34_40,6.006,6
S-Civm_fbK8_20_26,6.04,6
s-dSFyz_5Ww_13_23,10.01,10
s-dSFyz_5Ww_31_41,10.01,10
s-QQWRdF-5Y_19_28,9.009,9
s-XjRDsYuzU_0_12,12.012,12
s0hwEUC5emA_127_132,5.04,5
s1ZABV7AQdA_38_48,10.033333,10
s20OlIRK340_125_138,13.013,13
s20OlIRK340_147_174,27.027,27
s6QwbmWbSmw_18_24,6.0,6
s7znbqra118_91_97,6.066667,6
s80J2dAUUyI_33_43,10.01,10
s8utHZYTNTs_35_42,7.033333,7
s9TklvyLFyI_177_191,14.00224,14
SaOqf2d-y30_22_27,3.470133,5
SaYwh6chmiw_15_40,25.002786,25
sb1dX5xAFvk_10_17,7.01942,7
sBjr8UJOpsQ_149_169,20.04,20
sBjr8UJOpsQ_181_195,14.04,14
ScdUht-pM6s_53_63,10.013908,10
seTkGZlEU64_81_110,29.029,29
sFExO_PW22s_10_18,8.008,8
SFFfhAUEoj0_10_16,6.033333,6
Sg5rTYrkpnU_35_48,13.04,13
shPymuahrsc_5_12,7.041667,7
Sj6GSmDpNDw_0_12,12.04,12
sJC7E06IBXI_49_59,10.033333,10
sJSmRik2c-c_1_7,6.006,6
SJZFNwfcSOw_3_18,15.066667,15
SKhmFSV-XB0_12_18,6.006,6
sm0OYD0NSbQ_51_59,8.008,8
sMscRb9TcQE_146_161,15.015,15
Sq7Vt6KC9Yg_17_35,18.016512,18
SrDE9-cDz48_4_12,8.008,8
sRKQfxxEP4M_117_125,8.008,8
SRzoLVNgHoI_56_66,10.01,10
sT5Bzt9w354_11_34,23.039079,23
sTMlQSbAGfE_0_12,12.033333,12
suj4VNfZz5E_33_50,17.04,17
SULWQEAErKw_13_26,13.002786,13
sv5YlZspb30_10_20,10.01,10
swJ0zhVJ8DU_15_21,6.04,6
swKrHEeOj9c_4_8,4.033333,4
sWqi41wyXcQ_68_79,11.011,11
sXyjCgR0rAc_0_11,11.011,11
SzEbtbNSg04_111_117,6.04,6
SzEbtbNSg04_214_224,10.04,10
SzEbtbNSg04_28_48,20.04,20
SzEbtbNSg04_70_85,15.04,15
SzEbtbNSg04_71_93,22.04,22
SzEbtbNSg04_88_93,5.04,5
sZf3VDsdDPM_107_114,7.043478,7
SZP3Jpbbwj0_52_59,7.007,7
s_ldnx8_etY_32_54,22.166667,22
t3VPeyYL-fI_35_39,4.004,4
t4aPGtx7e6k_0_10,10.033333,10
t4vP-cXXWkY_14_20,6.006,6
T6lPRKRpu9w_32_39,7.007299,7
t8Nf1MK7lts_0_10,10.04,10
tBj4Ny19vfQ_54_59,5.033333,5
tcxhOGyrCtI_15_21,6.04,6
Td29-SApubM_48_57,9.009,9
TdYN7cePiRI_6_13,7.007,7
Ted3imMggC0_48_58,10.04,10
TF6LNmwDr_0_2_10,8.022284,8
TFJ6oR89Vb8_90_107,17.013928,17
TgFmoZj3NoM_10_18,8.008,8
tHLiYTS9Iz8_1_16,15.033333,15
Tied-t1fFsk_15_20,5.033333,5
tIMDKdMnNYM_266_273,7.007,7
TIubRrkku-4_1_10,9.009,9
tJHUH9tpqPg_113_118,5.013872,5
TjLCJKoot4U_43_65,22.04,22
Tm1HjqK0ABg_9_15,6.006,6
tmAX2PnRCY0_284_292,8.008,8
tn-Hoz4KbkE_89_93,4.004,4
tn1d5DmdMqY_15_28,13.013,13
TnPOZVHB3x0_45_55,10.012516,10
toE0QYZzJKE_1_8,7.007,7
TPD5wO_LEPU_2_6,4.1,4
TPhpsIK7pDc_25_32,7.007,7
tPkZK-PzeQE_10_28,18.018,18
tqxRDVKtkSY_30_45,15.04,15
TsagxA4DKuc_28_41,13.04,13
TvBsaMgqh5s_61_68,7.05,7
TwQzFqBqgeA_0_10,10.04,10
TXabUVUxJqI_22_31,9.009,9
TxzxPyfsSxY_0_10,10.033445,10
tYh4iDFgmEE_10_14,4.004,4
tYh4iDFgmEE_50_54,4.004,4
tYQ7O6V0Fvk_20_55,35.041667,35
TZ860P4iTaM_10_24,14.014,14
TZ860P4iTaM_11_20,9.009,9
TZ860P4iTaM_15_28,13.013,13
tzd3AYTZq0U_0_6,6.006,6
tZmDWltBziM_42_47,5.033333,5
tZmDWltBziM_70_80,10.033333,10
u4kMN1jamdM_10_20,10.01,10
u4T76jsPin0_0_11,11.041667,11
u9E9HpuJQ7U_29_43,14.066667,14
u9prcUCHlqM_235_241,6.00048,6
u9prcUCHlqM_503_511,8.00064,8
u9prcUCHlqM_73_80,7.00056,7
uAaWVeaYLdQ_1_12,10.633333,11
ub-aYLzCF_Q_1_10,9.00471,9
uB9zRlV47qA_17_23,6.010017,6
UbmZAe5u5FI_101_110,9.009,9
UbmZAe5u5FI_111_115,4.004,4
UbmZAe5u5FI_132_141,9.009,9
UbmZAe5u5FI_16_23,7.007,7
UbmZAe5u5FI_26_33,7.007,7
UbmZAe5u5FI_36_40,4.004,4
UbmZAe5u5FI_44_55,11.011,11
UbmZAe5u5FI_60_70,10.01,10
UbmZAe5u5FI_88_98,10.01,10
Uc63MFVwfrs_355_372,17.033333,17
Uc63MFVwfrs_360_372,12.033333,12
Ud3Qy8m6OxQ_52_62,10.027743,10
UdcObAQ5OOM_15_30,15.015,15
UDwvax7K57c_28_35,7.007,7
ufFT2BWh3BQ_0_8,8.008,8
Ugb_uH72d0I_8_17,9.041667,9
uGDuIyfJXXg_23_33,10.01001,10
UgUFP5baQ9Y_0_10,10.016694,10
UgUFP5baQ9Y_0_7,7.011686,7
uH8ObB_dyOk_159_166,7.007,7
UhI-p6AysWY_25_30,2.023372,5
UI3Cbj9fbxQ_2_23,21.04,21
uiLr9bdOL0M_23_30,7.007,7
UJKythlXAIY_17_21,4.004,4
uJPupV4oLZ0_4_12,8.04,8
ul9Xvjt83eI_111_120,9.009,9
ulPvRmNfXK4_96_100,4.004,4
umjc1CkO4JA_290_305,15.033333,15
unhiT2D6WvE_0_20,20.04,20
UnWgz-mVMXU_2_6,4.066667,4
uO7Eysrs8_k_106_114,8.008,8
uO7Eysrs8_k_80_90,10.01,10
UoPU8F9mus8_258_262,4.004,4
uppFvcVwqqY_5_15,10.066667,10
UqBafx3iRKw_22_29,7.007,7
uqVCk2oDpSE_194_200,6.04,6
urNX3e1Wbc8_30_38,8.04,8
urXDqw3S34I_12_17,5.04,5
uVPnDJKt1M0_0_6,6.006,6
uxEhH6MPH28_69_85,16.016,16
UxhKb-zZoWE_0_15,15.015,15
UXs3eq68ZjE_194_200,6.006407,6
UXs3eq68ZjE_209_214,5.005339,5
UXs3eq68ZjE_235_240,5.005339,5
UXs3eq68ZjE_246_250,4.004271,4
UXs3eq68ZjE_250_255,5.005339,5
UXs3eq68ZjE_255_260,5.005339,5
UXs3eq68ZjE_280_285,5.005339,5
UXs3eq68ZjE_313_318,5.005339,5
UXs3eq68ZjE_320_325,5.005339,5
UXs3eq68ZjE_382_387,5.005339,5
UXs3eq68ZjE_498_504,6.006407,6
UXs3eq68ZjE_49_54,5.005339,5
UXs3eq68ZjE_508_513,5.005339,5
uy0HNWto0UY_18_25,7.033333,7
uZEGu-TA2cU_42_58,16.04,16
u_6tre9_99Q_13_25,12.033426,12
V--abChiVVc_30_40,10.01,10
v-9Gx0gJmfo_26_32,6.033333,6
v-9Gx0gJmfo_91_99,8.033333,8
V4q5dQmpxIE_20_30,10.066667,10
v4_AzQSnmY4_40_55,15.041667,15
v5CeGLEnVFE_0_8,8.04,8
V6Fxclwdfxc_1_11,10.01,10
V6Fxclwdfxc_56_66,10.01,10
v7iIZXtpIb8_5_15,10.003601,10
v7NpKUVqjpI_23_40,17.033333,17
VahnQw2gTQY_203_210,7.019499,7
VahnQw2gTQY_274_280,6.016713,6
VahnQw2gTQY_288_293,5.013928,5
VahnQw2gTQY_298_305,7.019499,7
VahnQw2gTQY_315_320,5.013928,5
VahnQw2gTQY_322_327,5.013928,5
vDhEpqfhVI0_0_8,8.033333,8
vE1gvaM3iAs_39_46,7.033333,7
veE0E79dEEc_18_45,27.027,27
VF1K_6ZSOAY_23_28,5.005,5
VF1K_6ZSOAY_60_70,10.01,10
vfktGc_qx-w_2_18,16.016,16
VfqlfprZsaQ_75_85,10.01,10
Vg1jyL3cr60_163_186,23.023,23
ViM0JjUoqRw_10_20,10.01,10
ViWQUOGIaSU_9_16,7.007,7
VLBsAPZ2DDE_34_41,7.033113,7
VLBsAPZ2DDE_58_64,6.039735,6
vloe_60s_dk_0_9,9.041667,9
vMoOpQQy6sI_22_55,33.04,33
Vn0Xv0fb1z4_18_30,12.033333,12
vpR0L3sIvoo_15_49,34.000633,34
vRC9sBNt9vs_10_16,6.006,6
VU4qLrk5axA_40_58,18.018,18
vub04F8CWng_32_41,9.009,9
VuCFgiWfVF4_0_6,6.006,6
vulNlhUI6m0_7_27,20.04,20
vuvpbeQak9Q_23_29,6.066667,6
VxM96IYzw0Q_2_15,13.017791,13
VyBXcQ1v_cw_7_15,8.133333,8
VZ6H73nH7xs_27_33,6.006,6
vz71JKcpeUU_0_10,10.066667,10
vZa13vJugGU_0_30,30.066667,30
v_tGw5gwlEw_136_152,16.016,16
W1052h2rzoA_91_98,7.04,7
W20Btaww6zc_134_139,5.04,5
w28TljSqtW8_64_75,11.033333,11
W6_XuNhgtrM_2_5,3.003,3
W8l_ezoU8Lc_156_162,6.04,6
W8l_ezoU8Lc_55_70,15.04,15
W8l_ezoU8Lc_76_86,10.04,10
W8_63NiTENw_23_30,7.007,7
w9mqbwOIkVg_6_12,6.006,6
WAa4-cctmDk_55_70,15.015,15
WEJfT-oB4v4_20_35,15.033333,15
WeOU0Iba1Xg_1_30,29.05,29
WFNXwor69-U_33_40,7.007,7
wFPmKChNrhU_3_11,8.008,8
wFX6bXLbHW4_83_90,7.01942,7
WG0J2B19ZT8_1_33,30.966667,32
wgrrQwLdME8_0_10,10.01,10
wgrrQwLdME8_66_74,8.008,8
WinaH9SkW9c_11_38,27.011494,27
wjH72cZ0GLM_1_10,9.04,9
wkgGxsuNVSg_34_41,7.04,7
wLUH7qA_6sA_90_115,25.04,25
wn9rDTZj-m4_8_18,10.01,10
wNv74rvkAw8_30_40,10.01,10
Wnz3IevSNg0_1_8,5.44,7
wON-YuA1GjA_3_63,60.026633,60
WpB4-eLyiBc_10_20,10.01,10
WPG-BIWOrG4_130_134,4.004138,4
WPG-BIWOrG4_608_613,5.005172,5
WPG-BIWOrG4_635_640,5.005172,5
WPG-BIWOrG4_672_677,5.005172,5
WPG-BIWOrG4_683_689,6.006206,6
WPG-BIWOrG4_755_761,6.006206,6
wpUT0DNB3qs_9_19,10.071429,10
WqQonRVs7WA_0_10,10.01,10
WqwcWk1In_g_46_54,8.066667,8
WrsS6X-FB-I_30_47,17.017,17
wsj_dzz33Ko_31_41,10.01,10
wSwwS_0MKEc_68_78,10.01,10
WTf5EgVY5uU_100_104,4.011142,4
WTf5EgVY5uU_104_108,4.011142,4
WTf5EgVY5uU_108_116,8.022284,8
WTf5EgVY5uU_121_135,14.005571,14
WTf5EgVY5uU_124_128,4.011142,4
WTf5EgVY5uU_130_135,5.013928,5
WTf5EgVY5uU_15_19,4.011142,4
WTf5EgVY5uU_16_24,8.022284,8
WTf5EgVY5uU_18_23,5.013928,5
WTf5EgVY5uU_218_236,18.016713,18
WTf5EgVY5uU_32_52,20.022284,20
WTf5EgVY5uU_33_39,6.016713,6
WTf5EgVY5uU_54_58,4.011142,4
WTf5EgVY5uU_58_76,18.016713,18
WTf5EgVY5uU_66_75,9.02507,9
WTf5EgVY5uU_76_83,7.019499,7
WTf5EgVY5uU_94_98,4.011142,4
WTf5EgVY5uU_98_104,6.016713,6
WTx-K045yQM_85_98,13.001391,13
Wv3u2q3oGeU_35_45,10.01,10
WV9K6MbLjHA_106_116,10.04,10
WWf0Z6ak3Dg_5_15,10.01,10
wX-Bl25Htag_104_115,11.011,11
WyIqGyj21Dk_0_10,10.01,10
wzfkC2TjdeQ_0_31,30.9309,31
WZTGqvbqOFE_28_34,6.033333,6
W_iR4YVCxUY_8_15,7.007,7
X0UJaprpxrk_18_26,8.033333,8
x1i0UOssll8_141_151,10.033898,10
X4yzrIc072w_4_20,16.016,16
X56XkGFe7OY_47_61,14.014,14
x68Djm_Q0GA_0_10,10.033333,10
X6uJyuD_Zso_3_17,14.033333,14
X7sQq-Iu1gQ_12_22,10.01,10
x8Ul09tk6zk_0_8,8.008,8
X98fLZHIzWQ_15_20,5.066667,5
xaPepCVepCg_35_46,11.04,11
xb-Nacm-pKc_78_82,4.04,4
xBePrplM4OA_6_18,11.133333,12
xBW_uR3kGr4_42_55,13.013,13
xCFCXzDUGjY_5_9,4.011142,4
XdB0pVjFYoU_1_8,7.007,7
xdhLQCYQ-nQ_50_63,13.013,13
xEDCfcMZlZY_37_41,4.04,4
xEDCfcMZlZY_91_100,9.04,9
XEOH3t5AYY0_22_29,7.019499,7
xfRIRSWy0y0_10_20,10.04,10
xGdoi3W3Z4o_2_40,37.6,38
xgIIcPSh4EU_0_6,6.04,6
Xh6rdpJNaf0_0_15,14.800429,15
xkNDE1JL6Z8_50_59,9.009,9
xlPyHMkpaQY_1_7,2.716332,6
XNV7hKVu-Xg_40_47,7.007,7
XNzXXiE6qR4_0_10,10.01,10
XOAgUVVwKEA_8_20,12.041667,12
xOQn1z_oWDY_30_39,9.033333,9
Xp6rxW4hFFo_32_40,8.008,8
xpOYXbMDDBY_1_20,19.00304,19
xPR0xFgCAZY_17_27,10.01,10
xSmfK498DjI_1_20,19.019499,19
xtbsD3PUua4_174_185,11.033333,11
xtbsD3PUua4_84_94,10.033333,10
xTd_IdIcB4s_2_10,8.008,8
XtQdAPV2UZs_4_11,6.466667,7
Xvy21KrDv8I_0_10,10.027743,10
Xwrl4htUPjo_22_38,16.033333,16
Xxcv5jvRmcg_39_46,7.007,7
xxHx6s_DbUo_121_128,7.007,7
xxHx6s_DbUo_158_161,3.003,3
xxHx6s_DbUo_162_165,3.003,3
xxHx6s_DbUo_173_177,4.004,4
xxHx6s_DbUo_182_186,4.004,4
xxHx6s_DbUo_202_207,5.005,5
xxHx6s_DbUo_216_222,6.006,6
xxHx6s_DbUo_240_248,8.008,8
xxHx6s_DbUo_32_36,4.004,4
xxHx6s_DbUo_36_40,4.004,4
xxHx6s_DbUo_41_44,3.003,3
xxHx6s_DbUo_49_56,7.007,7
xxHx6s_DbUo_57_61,4.004,4
xxHx6s_DbUo_82_86,4.004,4
xxHx6s_DbUo_98_101,3.003,3
xXlWsBhFvis_6_10,4.004,4
xy9LLUUZ6ic_50_60,10.033333,10
XZ0Ch_ClBfo_120_127,7.007,7
XzCcRzEa83U_1_8,7.04,7
XzCcRzEa83U_39_46,5.84,7
x_7BrCQdVUs_172_177,5.033333,5
x_8RiVI6rH8_41_54,13.013,13
X_NLV2KCnIE_60_70,10.033333,10
Y4BeJ-64294_20_30,10.01,10
Y4gaJn0wlDE_0_10,10.066667,10
y8SDRc4IOjs_94_99,5.005,5
Ya-MkA187c8_36_45,9.009,9
yAD_TS5L2d4_4_11,7.066667,7
YAud4eS3DoA_54_65,11.033333,11
yBK02O1Oewc_20_35,3.154381,15
ybVb3t560oY_0_9,9.010381,9
yC4eEuURH8c_19_28,9.066667,9
yd8jh9QYfEs_4_10,6.033333,6
YEmS8ZQIhTA_7_20,13.013,13
YersIyzsOpc_15_30,15.033333,15
yfMTsYcLt10_0_7,7.0,7
yFPHhRat6bc_160_210,50.033333,50
yg4aNiO1JnI_111_114,3.003,3
Yh2N6ZtRBdU_110_120,10.033333,10
yId1rg5-ac0_40_50,10.01,10
YJ2aGe7CLBo_25_35,10.01,10
Ylb4pnW-jP4_102_113,11.011,11
ymC2bNi6-Is_9_19,10.01,10
YmXCfQm0_CA_109_120,11.015299,11
YmXCfQm0_CA_140_156,16.005563,16
YmXCfQm0_CA_277_284,7.009736,7
YmXCfQm0_CA_50_57,7.009736,7
YmXCfQm0_CA_68_75,7.009736,7
YmXCfQm0_CA_7_16,9.012517,9
YndZ9YulpTo_61_76,15.083333,15
yNy9jTeolUk_8_12,4.033333,4
yOnRm3TP6hM_0_12,12.033241,12
yPNFVj-pISU_105_115,10.01,10
yREFkmrrYiw_51_57,6.006,6
YRSOc193Pxc_68_73,5.013928,5
YS1mzzhmWWA_9_16,7.007,7
ysTmUTQ5wZE_17_45,27.6,28
yU5sxW9bErQ_0_17,16.92,17
YUlG_PKzpvc_0_8,8.008,8
yvfhk1kwKls_103_113,10.04,10
ywHBKayhyvQ_19_28,9.04,9
ywMLb2VfHbI_13_20,7.007,7
YwmUgVrUJ4I_0_15,15.015,15
YXixZrSxefk_17_48,31.031,31
YXixZrSxefk_49_59,10.01,10
YXixZrSxefk_6_15,9.009,9
yYA7YXIKbg4_9_14,5.013928,5
yyxtyCaEVqk_250_264,14.014,14
yyxtyCaEVqk_321_328,7.007,7
yyxtyCaEVqk_329_360,31.031,31
YZ0-6hdQ0mU_0_3,3.002041,3
Z-An1QQ66f0_13_25,12.04,12
z0Si1XxMibg_0_30,30.066667,30
z0zb--BOhDY_16_22,6.006006,6
Z10_CDPQKKs_1_6,5.013872,5
Z19zFlPah-o_6_11,5.04,5
z1PEyzk4ADU_8_18,10.01,10
z2kUc8wp9l8_40_46,6.04,6
Z3m9V8qPXhQ_13_24,11.04,11
Z3rj9LbCOaM_0_12,12.066667,12
Z3XarHZ3HpY_10_17,7.007,7
z8dcUzdi2bw_3_16,13.083333,13
Z8rTzW9Gb6Y_116_123,7.007,7
z9qbQX4J_2g_0_14,14.041667,14
za-9mBZyNfQ_330_336,6.04,6
zbAk0gX7kas_16_24,8.04,8
zBrC1GmA0Qg_26_33,7.066667,7
ZbtpcGi2DWY_161_170,9.009,9
ZbtpcGi2DWY_56_62,6.006,6
ZbzDGXEwtGc_6_15,9.02507,9
zCf8NWJ8kzA_47_52,5.033333,5
ZdlG8fjGJlo_78_87,9.033333,9
ZdNP0dXCx2I_78_90,12.012,12
ZDoy9S82ETA_5_15,10.033333,10
zFIn8DeV5PM_20_33,13.013,13
zfQOH4UGU_I_1_10,9.009,9
Zg0p5TXi_Cc_30_46,16.04,16
zH4v_DClIoc_3_28,25.025,25
zhLcONtNkew_16_21,5.013928,5
zHy7pM0U49w_103_109,6.006808,6
zHy7pM0U49w_110_116,6.006808,6
ZK4W-2ifl6I_1_28,6.549372,27
zkTn5Ef1Oig_70_75,5.030928,5
zkTn5Ef1Oig_71_75,4.041237,4
ZL7P_XmSnEY_205_209,4.033333,4
zlS1_zBYluY_15_21,6.016713,6
ZlX_Gy4HP2E_38_55,17.033333,17
zMg9dChF97A_12_38,26.033333,26
ZN2_czSBSD0_240_250,10.027855,10
ZnLgsasu82g_71_81,10.04,10
Zoz0HcCB1vU_0_10,10.027855,10
zpgW7m7_LZw_2_15,13.04,13
Zqmx-nXhLAg_0_10,10.04,10
zr9OeyfLPPY_4_9,5.04,5
zS50h-a8RTg_3_9,6.016433,6
zSPBC8EO6dY_122_126,4.004,4
zSPBC8EO6dY_132_140,8.008,8
zSPBC8EO6dY_64_73,9.009,9
zSPBC8EO6dY_97_110,13.013,13
ZsrPKtx0qyg_7_15,8.011611,8
zTn-nNj5Bng_61_77,16.04,16
zTn-nNj5Bng_8_19,11.04,11
zulPFoY64wE_26_33,7.007,7
zuYZ5kPatJE_78_116,38.033333,38
zv2RIbUsnSw_159_162,3.003,3
zv2RIbUsnSw_335_341,6.006,6
ZvJvNcukZ4w_0_10,9.6,10
zWVQImPY2Cc_27_44,17.017,17
zxB4dFJhHR8_1_9,7.16,8
ZxqkAGNyo8A_12_22,10.041667,10
ZYaxg5NZW_g_21_27,6.006,6
zYcY4mjLpxU_104_118,14.04,14
zYcY4mjLpxU_45_55,10.04,10
zzit5b_-ukg_5_20,15.008451,15
z_qf7tOnHVg_81_89,8.04,8
_0nX-El-ySo_83_93,10.01,10
_1vy2HIN60A_32_40,8.008,8
_6OTzzK7t9Y_158_170,12.033292,12
_6OTzzK7t9Y_73_78,5.013872,5
_7nP9z6T9m8_11_17,6.033333,6
_9iG5Ge01PM_3_11,8.04,8
_JorUS-8Nlg_63_73,10.04,10
_JVxurtGIhI_32_42,10.033333,10
_KMoC6ZdeXs_10_16,6.033333,6
_o1UXSxTjfo_68_80,12.04,12
_O9kWD8nuRU_16_23,7.009736,7
_O9kWD8nuRU_25_35,10.013908,10
_O9kWD8nuRU_37_43,6.008345,6
_O9kWD8nuRU_45_49,4.005563,4
_O9kWD8nuRU_50_56,6.008345,6
_O9kWD8nuRU_70_76,6.008345,6
_O9kWD8nuRU_77_81,4.005563,4
_OBlgSz8sSM_15_32,17.017,17
_pBeOAMjGm8_1_18,17.030655,17
_pj2Nutu5v8_1_8,7.007,7
_QJbjKkfdcs_52_57,5.04,5
_sJ_09Mf1HY_49_72,23.023,23
_SNE2MYAotU_41_49,8.008,8
_txL575S_OA_13_23,10.04,10
_UqnTFs1BLc_23_27,4.004,4
_WRC7HXBJpU_360_370,10.01,10
_WRC7HXBJpU_386_391,5.005,5
_WRC7HXBJpU_395_401,6.006,6
_WRC7HXBJpU_414_425,11.011,11
_WRC7HXBJpU_451_464,13.013,13
_xf24TYgbuY_14_20,6.006,6
_yUiusXxfWI_150_165,15.04,15
_ZwwKOzpt2I_69_76,7.007,7
